,method,elo,elo+,elo-,rank,winrate,improvability,improvability+,improvability-,mrr,rank=1_count,rank=2_count,rank=3_count,rank>3_count,time_train_s,time_infer_s,time_train_s_per_1K,time_infer_s_per_1K,normalized-error,normalized-error-task,imputed,median_rank,median_improvability,median_loss_rescaled,median_metric_error,median_time_train_s,median_time_infer_s,median_time_train_s_per_1K,median_time_infer_s_per_1K,median_normalized-error,median_normalized-error-task,median_imputed,method_type,method_subtype,config_type,ta_name,ta_suite
0,"AutoGluon 1.5 (extreme, 4h)",1650.0,105.3,83.8,8.817261904761905,0.86285514,0.044647326300170875,0.023104845061166862,0.019965376661869053,0.30555352288885274,4.211111111111111,2.227777777777778,2.5166666666666666,19.044444444444444,2704.496428328232,27.953214604419376,432.35681789765914,7.70037949719404,0.2373018420496524,0.3255685728920142,0.0,6.944444444444445,0.0336209353895535,0.021309552835362004,0.17710205338047663,1167.4856798119015,10.661844452222187,265.99456875738395,5.211644994938723,0.180200829686638,0.2522512702096755,0.0,baseline,,,AutoGluon_v150_eq_4h8c,tabarena-2025-12-18
1,TABICLV2 (default),1615.3,108.0,88.2,10.153968253968255,0.83940405,0.06441645967196782,0.05823095739211831,0.03553813614065267,0.3114211182052492,4.866666666666666,2.2666666666666666,1.6555555555555554,19.211111111111112,23.11152976533723,1.394463846134761,8.965716178223106,0.6768165800951784,0.21778336251797722,0.36560893270260264,0.0,7.4,0.02960204971721132,0.03217187708009965,0.18681734866178698,11.017267929183113,0.5255573193232218,5.148072449747504,0.44311748917965954,0.1256023866303992,0.3095543597295315,0.0,config,default,TABICLV2,TabICLv2,tabarena-2026-02-16
2,"AutoGluon 1.4 (extreme, 4h)",1610.5,77.1,62.8,10.35297619047619,0.83591276,0.08351629375566495,0.06085063793865132,0.046554116461726955,0.19190417823919445,1.1222222222222222,1.4333333333333333,2.033333333333333,23.41111111111111,3597.8537834597014,28.41897718740834,831.7071970108454,10.220322642388473,0.2897471670542746,0.3893302588303246,0.0,8.216666666666667,0.03983957700768531,0.03355275028008098,0.1785288450664283,1841.9549073576927,12.651575949456957,596.23951902004,6.827612654472251,0.23862008895038622,0.31998158981962854,0.0,baseline,,,AutoGluon_v140_eq_4h8c,tabarena-2025-11-01
3,REALTABPFN-V2.5 (tuned + ensemble),1572.5,94.2,75.0,12.015873015873016,0.80673915,0.08013171082165453,0.04726374251266309,0.03797551024141418,0.2089461898448448,1.4833333333333334,3.183333333333333,1.6555555555555554,21.677777777777777,11290.312965484698,112.1514145705435,2745.8166469264543,18.190903656775586,0.3494297955769539,0.4359080453256919,0.0,11.838888888888889,0.05062847319571245,0.0399250985690551,0.1781040388326069,5733.166014724307,13.121517968177795,2085.028357222764,8.2526678810929,0.31771989099050935,0.46075935387822053,0.0,hpo,tuned_ensemble,REALTABPFN-V2.5,RealTabPFN-v2.5,tabarena-2025-11-12
4,REALTABPFN-V2.5 (tuned),1554.5,80.7,66.8,12.86547619047619,0.7918338,0.08567377219156735,0.05419544411195956,0.039547392698370425,0.17852386645823387,1.238888888888889,1.3055555555555556,2.3444444444444446,23.11111111111111,11290.312965484698,8.555028361176687,2745.8166469264543,1.5751476184698112,0.3738123626683048,0.4546578374875353,0.0,12.925,0.04968317654482782,0.041982941825823364,0.17732651998499419,5733.166014724307,1.3341594603326585,2085.028357222764,1.2298076838882626,0.3636662021899975,0.5052528850892238,0.0,hpo,tuned,REALTABPFN-V2.5,RealTabPFN-v2.5,tabarena-2025-11-12
5,REALTABPFN-V2.5 (default),1538.7,75.0,60.8,13.651587301587302,0.7780423,0.09052897248232308,0.05990577621598975,0.043218813066365956,0.15071178499981344,0.7444444444444445,0.9777777777777777,1.4777777777777779,24.8,36.6416644496104,5.281097197343433,7.770955928982096,1.028661259268795,0.37939759657610944,0.5024882761855431,0.0,11.5,0.050109906960183734,0.04623075567000076,0.1789964212010343,11.308947139316135,0.8961519890361362,5.758447087149975,0.6328320699714327,0.27858071177389054,0.4828937811772231,0.0,config,default,REALTABPFN-V2.5,RealTabPFN-v2.5,tabarena-2025-11-12
6,"AutoGluon 1.4 (best, 4h)",1466.8,76.0,59.0,17.612103174603174,0.70855963,0.11499014710290989,0.0712116965611686,0.052567738945303324,0.1283387129346246,0.8777777777777778,0.9888888888888888,0.6777777777777777,25.455555555555556,7627.293037187722,12.83529603438718,3373.0235602098774,2.3105371403827304,0.5573265580863931,0.5837437443315626,0.0,16.011111111111113,0.06796543300754268,0.0865253551649919,0.18199040953649806,6786.091768052843,2.0916072673267787,2738.639889572575,1.9698695866516363,0.5463765949079273,0.59234100373629,0.0,baseline,,,AutoGluon_v140_bq_4h8c,tabarena-2025-11-01
7,REALMLP_GPU (tuned + ensemble),1446.9,63.9,52.9,18.810119047619047,0.68754184,0.12423236760132604,0.0664603866124628,0.05582982976683595,0.09345603113991097,0.3333333333333333,0.3555555555555555,0.38888888888888884,26.92222222222222,18871.61269736782,24.68522989267395,3359.123717579589,26.688401989324486,0.5927809903378402,0.6509330197459128,0.0,19.174999999999997,0.0765536529866247,0.07363898349387027,0.1816522916735387,8191.357462022039,23.257384673754373,2995.960987947633,16.792777143417517,0.6490426098649467,0.7129738719672392,0.0,hpo,tuned_ensemble,REALMLP_GPU,RealMLP_GPU,tabarena-2025-09-03
8,TABM_GPU (tuned + ensemble),1432.1,61.4,57.8,19.72222222222222,0.67153996,0.1293877233676856,0.07415017486370909,0.05970563016393998,0.10182721500967039,0.3555555555555555,1.2,1.0,25.444444444444443,15888.999002600189,4.773535906700862,3531.2278390958386,2.665237122875585,0.6357847668172244,0.6774194009529433,0.0,20.28333333333333,0.08621780676105892,0.09237748603306453,0.1787480337852299,6769.322958224349,2.5535099506378174,2538.474707235839,1.5022465694891438,0.6792150251914961,0.7158807538144749,0.0,hpo,tuned_ensemble,TABM_GPU,TabM_GPU,tabarena-2025-06-12
9,TABICL_GPU (default),1427.2,82.1,69.4,20.026388888888892,0.6662038,0.12533764244416717,0.06970034332156885,0.05813541705283326,0.11485974493092997,0.39999999999999997,1.5222222222222221,0.6,25.477777777777778,58.74441073073281,10.007472886736432,9.371098978119562,1.8814125018440602,0.5702981891955428,0.6255759997848126,0.03571428571428571,18.352777777777778,0.07028982477322131,0.07863452118606364,0.1879838239870754,21.13094205326504,2.3613671395513744,8.586328708772456,1.684983020115586,0.6100337842961324,0.6759167167239628,0.0,config,default,TABICL_GPU,TabICL_GPU,tabarena-2025-06-12
10,MITRA_GPU (default),1418.3,83.4,81.0,20.587500000000002,0.6563596,0.13032150556421768,0.06866259071697806,0.06067002656839149,0.1317818925270852,1.011111111111111,1.0611111111111111,0.8722222222222222,25.055555555555557,551.4403262505456,7.907830976115333,171.24680638886096,4.216920853996909,0.5186293137685973,0.618820657246107,0.17857142857142858,15.988888888888889,0.07858187011087889,0.08439754314535225,0.18912426322582282,201.50570195913315,1.9349241256713867,137.21145866993123,3.1906839785618315,0.5234316403412015,0.6213786050822174,0.0,config,default,MITRA_GPU,Mitra_GPU,tabarena-2025-09-03
11,GBM (tuned + ensemble),1413.5,46.8,37.9,20.89246031746032,0.6510095,0.13479949302491495,0.07914360092033665,0.061797390984683676,0.07405312103070841,0.14444444444444443,0.1,0.3555555555555555,27.4,2005.5782388882506,7.959345379377168,790.3292741062376,2.499416478531453,0.6806515996860808,0.7066124800118196,0.0,21.244444444444447,0.07197399567800003,0.09020106766397534,0.1803013014516533,1417.712014289697,2.910246001349555,558.1230762464063,1.6080574966039418,0.722962221289648,0.7701678564339282,0.0,hpo,tuned_ensemble,GBM,LightGBM,tabarena-2025-06-12
12,TABPFNV2_GPU (tuned + ensemble),1408.2,86.9,72.2,21.23333333333333,0.64502925,0.13313182161229364,0.06361912702392084,0.06291843325967551,0.1259946690763852,0.6888888888888889,0.9666666666666667,1.2555555555555555,25.08888888888889,11143.881295276919,119.13138054874209,3135.102931827381,54.88274888587182,0.5643950559936338,0.615414690728583,0.17857142857142858,19.583333333333336,0.08774989882955507,0.08564041478978941,0.19059015587449896,4643.514249010881,33.22391846179963,3092.308167138006,42.68217086608409,0.5618486474756669,0.6433678413862804,0.0,hpo,tuned_ensemble,TABPFNV2_GPU,TabPFNv2_GPU,tabarena-2025-06-12
13,TABDPT_GPU (tuned + ensemble),1406.0,64.2,64.3,21.37003968253968,0.64263093,0.11891670370704895,0.05260782188535802,0.05313609758458672,0.11401812623802322,0.7222222222222222,0.9333333333333332,0.7888888888888889,25.555555555555557,49024.722736655625,2630.24177471054,4949.715559673202,278.5461132602774,0.6442083830170626,0.670669315992121,0.0,21.34444444444444,0.06590364533047663,0.07712197576203669,0.18011849775139616,19660.717350151805,427.621762474378,4833.344296885853,245.07544485546543,0.7501691580088591,0.7387477321442748,0.0,hpo,tuned_ensemble,TABDPT_GPU,TabDPT_GPU,tabarena-2025-10-20
14,TABM_GPU (tuned),1386.3,63.9,62.1,22.649404761904766,0.6201859,0.13779628047601775,0.07562863853702206,0.06148245078377261,0.09324229198148636,0.7555555555555555,0.19999999999999998,0.28888888888888886,26.755555555555556,15888.999002600189,0.5548188380305729,3531.2278390958386,0.3196819296251456,0.7096988624281543,0.7114179814167867,0.0,23.27777777777778,0.09517292150298998,0.09414816548370118,0.17869514507050027,6769.322958224349,0.21705026361677382,2538.474707235839,0.18784515758355458,0.7829435904473896,0.7657382913348666,0.0,hpo,tuned,TABM_GPU,TabM_GPU,tabarena-2025-06-12
15,GBM (tuned),1381.3,45.9,33.4,22.974801587301588,0.6144772,0.13893746359883638,0.07794102892791102,0.061828794222604885,0.061387351868759175,0.0,0.03333333333333333,0.43333333333333335,27.533333333333335,2005.5782388882506,1.0463733405347855,790.3292741062376,0.44340327666087154,0.7614288825463189,0.7446809405301469,0.0,23.988888888888887,0.08156929951763024,0.09461329607961658,0.1803126105816552,1417.712014289697,0.483569065729777,558.1230762464063,0.28350492153737616,0.806720974543145,0.7722730958229911,0.0,hpo,tuned,GBM,LightGBM,tabarena-2025-06-12
16,TABDPT_GPU (tuned),1377.6,69.0,74.5,23.21686507936508,0.61023045,0.1267463092758943,0.05607729820929944,0.054733677771430594,0.11302556794492644,0.6111111111111112,0.9722222222222222,0.95,25.46666666666667,49024.722736655625,208.77714691147918,4949.715559673202,30.73441211949332,0.6732898152606236,0.6867598177588693,0.0,21.375,0.07648658004395234,0.07676687444092631,0.18665625981730016,19660.717350151805,56.78142907884386,4833.344296885853,37.94951476212516,0.691015143785156,0.7271469800327008,0.0,hpo,tuned,TABDPT_GPU,TabDPT_GPU,tabarena-2025-10-20
17,REALMLP_GPU (tuned),1368.8,58.2,54.2,23.797420634920634,0.60004526,0.1373719049733148,0.06963184393944966,0.056131561693440635,0.08273656097069702,0.3,0.6,0.5666666666666667,26.53333333333333,18871.61269736782,1.7943057718258058,3359.123717579589,2.0889949007520507,0.7466181312950351,0.7309254112239231,0.0,25.316666666666666,0.08561423163748555,0.0748683092576562,0.18209079506326314,8191.357462022039,1.4755206320020888,2995.960987947633,1.3093962116338131,0.8897001531281304,0.7767654280985101,0.0,hpo,tuned,REALMLP_GPU,RealMLP_GPU,tabarena-2025-09-03
18,CAT (tuned + ensemble),1355.4,48.3,39.4,24.690277777777776,0.5843811,0.14549042278843052,0.07837210039303283,0.06388164463836839,0.06009422805714716,0.13333333333333333,0.06666666666666667,0.2222222222222222,27.577777777777776,11940.795007419585,2.0488051045981663,2444.440232408307,0.8019688919956914,0.7857237595033558,0.7767245146511026,0.0,25.194444444444443,0.09017693027467201,0.10083006373894904,0.18383102686868136,4221.001669075754,0.9899011982811822,1465.8584785724734,0.6896241633507443,0.9109429585489619,0.8101480092057798,0.0,hpo,tuned_ensemble,CAT,CatBoost,tabarena-2025-06-12
19,CAT (tuned),1345.9,46.5,36.9,25.324603174603173,0.57325256,0.14731795713465035,0.07819145844304617,0.06492976085342789,0.05770069780902197,0.06666666666666667,0.03333333333333333,0.24444444444444444,27.655555555555555,11940.795007419585,0.4135730689953244,2444.440232408307,0.1098600752689655,0.7934249204726812,0.78725742104824,0.0,26.577777777777776,0.0879906182277148,0.10303056930434225,0.1830739152773741,4221.001669075754,0.1140955474641588,1465.8584785724734,0.09138547661664378,0.9236584738409324,0.8527848977237101,0.0,hpo,tuned,CAT,CatBoost,tabarena-2025-06-12
20,XGB (tuned + ensemble),1343.5,52.6,51.5,25.48611111111111,0.57041913,0.1484180316037161,0.0813412458990457,0.06252043783122924,0.06220868497482974,0.14444444444444443,0.13333333333333333,0.38888888888888884,27.333333333333332,3175.7918354324406,3.998675946158076,1086.821801742101,2.6587304275170487,0.7743606771855075,0.7810438289383356,0.0,25.444444444444443,0.09292475650273699,0.10488531267532769,0.18542065524582324,1580.7604635198911,1.68497687180837,729.6075924232059,1.679864352671527,0.8574701708038175,0.857350338483756,0.0,hpo,tuned_ensemble,XGB,XGBoost,tabarena-2025-06-12
21,MNCA_GPU (tuned),1342.4,58.9,46.5,25.563095238095237,0.5690685,0.142605986283532,0.06643606993324827,0.059580211848158704,0.08027469895007179,0.5333333333333333,0.35555555555555557,0.4333333333333333,26.677777777777777,28349.737277835655,4.278725253542264,5114.569593526505,0.9035095314316842,0.8123485229606213,0.7562525203918945,0.0,26.916666666666664,0.09812925775985305,0.10090568218605536,0.18181925084597836,12411.187855773504,0.5051313241322836,5447.874597634456,0.5213396640379306,0.9117092257963079,0.8059713657572887,0.0,hpo,tuned,MNCA_GPU,ModernNCA_GPU,tabarena-2025-06-12
22,TABPFNV2_GPU (tuned),1338.0,80.1,71.2,25.8609126984127,0.56384367,0.15636646899246082,0.06361529142155206,0.06388689371022449,0.10093149029549653,0.6555555555555556,0.6777777777777778,0.5,26.166666666666668,11143.881295276919,4.1741643108072735,3135.102931827381,1.9288478770776745,0.6807490018797215,0.7023178661726623,0.17857142857142858,21.77777777777778,0.11605844092712031,0.10718332228325084,0.19613417339939035,4643.514249010881,0.7188980552885268,3092.308167138006,0.6970200978763093,0.7474472347327417,0.7412553750364776,0.0,hpo,tuned,TABPFNV2_GPU,TabPFNv2_GPU,tabarena-2025-06-12
23,CAT (default),1336.8,47.2,39.0,25.939285714285713,0.56246877,0.1485683944792486,0.07888356212590761,0.06215457102451574,0.06031765392115222,0.06666666666666667,0.39999999999999997,0.06666666666666667,27.46666666666667,192.4207382968967,0.23073120065151698,115.77420225729647,0.1446081529132084,0.7819155910448192,0.7989376136360151,0.0,25.922222222222224,0.09235440722440152,0.09546401537085017,0.18129475366429199,14.193416415320502,0.16599659125010174,6.707006454902416,0.10423390383801362,0.8902537299321209,0.8624792728037791,0.0,config,default,CAT,CatBoost,tabarena-2025-06-12
24,TABPFNV2_GPU (default),1319.4,93.8,75.4,27.117063492063494,0.5418059,0.16436530688787407,0.07409668676031772,0.0637215087690978,0.0924984806670606,0.7111111111111111,0.34444444444444444,0.6,26.344444444444445,9.734856278271902,0.5823293121088119,4.658569762472109,0.41216920714766886,0.6760278578822475,0.7373056680531505,0.17857142857142858,23.205555555555556,0.11201188776387633,0.12213491487117442,0.2051155058078962,8.093020015292698,0.3713029225667318,3.4931702644941645,0.3495765106953927,0.7698157436145326,0.7863247232330962,0.0,config,default,TABPFNV2_GPU,TabPFNv2_GPU,tabarena-2025-06-12
25,XGB (tuned),1318.8,45.9,48.5,27.160714285714285,0.5410401,0.1510805283328418,0.08056407589276804,0.06231098808706288,0.05245136556684937,0.03333333333333333,0.2111111111111111,0.03333333333333333,27.72222222222222,3175.7918354324406,0.6947789444809869,1086.821801742101,0.522131146954582,0.8302017349944066,0.8165469575109627,0.0,26.719444444444445,0.10214897411023355,0.10412100995577125,0.18552455594518852,1580.7604635198911,0.29850195513831246,729.6075924232059,0.23158071423241486,0.9643837827151196,0.8855338739648769,0.0,hpo,tuned,XGB,XGBoost,tabarena-2025-06-12
26,MNCA_GPU (tuned + ensemble),1316.5,80.3,82.0,27.314484126984127,0.5383423,0.15387476143594636,0.06933481868226388,0.05980796798155587,0.07656377446967129,0.5444444444444444,0.2222222222222222,0.03333333333333333,27.2,28349.737277835655,73.47910076848098,5114.569593526505,14.706068720510842,0.7617867514858728,0.75411616426082,0.0,23.65,0.11036456132482728,0.07286431753927147,0.19167475651889043,12411.187855773504,11.806450790829128,5447.874597634456,8.743516387788919,0.821887282938133,0.8141783185732728,0.0,hpo,tuned_ensemble,MNCA_GPU,ModernNCA_GPU,tabarena-2025-06-12
27,EBM (tuned + ensemble),1313.7,54.3,43.9,27.50734126984127,0.5349589,0.1583415217958831,0.07854707123029353,0.06478811919358918,0.05617132286115657,0.05,0.15,0.3888888888888889,27.41111111111111,54346.761121305164,2.8696914332726644,20711.836669444754,1.5357919348172768,0.8297945991537726,0.8279978959478244,0.0,24.88888888888889,0.10128699215558017,0.11243108895306907,0.18633315254176683,4959.211306876607,1.0684287243419224,2686.1102136380086,0.4695456043501349,0.8763962261797318,0.8446191792812935,0.0,hpo,tuned_ensemble,EBM,ExplainableBM,tabarena-2025-09-03
28,Cabin (ours),1309.1,62.9,53.3,27.814087301587303,0.52957743,0.15718636919008339,0.07405299636877805,0.06560648247763061,0.05609088749902277,0.13333333333333333,0.13333333333333333,0.25555555555555554,27.477777777777778,372.2878860560201,19.132918934831544,143.08592542821506,19.68967156888949,0.8082653512673262,0.832674855339728,0.0,28.27777777777778,0.08379259999482991,0.1158449427128331,0.1793969528936893,184.05716429021624,1.7322060002221003,87.33678872691652,2.0889667252853723,0.9759269585570767,0.9244149890380372,0.0,baseline,,,Cabin,custom-2026-03-13
29,XRFM_GPU (tuned + ensemble),1307.0,52.8,51.8,27.959126984126982,0.52703285,0.1578297497666919,0.06790476443672067,0.06462252860991513,0.06019539696604661,0.06666666666666667,0.6777777777777778,0.15,27.105555555555554,9603.771563096792,17.65027046066428,1373.3728568338315,4.152867838962669,0.8358691810899395,0.8122688198079803,0.0,26.183333333333334,0.08894840893343395,0.09755339391851794,0.180124786573527,2010.3465564846992,4.261944405237834,1053.8389609554633,3.0628419070465713,0.9533276927862961,0.8237443185548776,0.0,hpo,tuned_ensemble,XRFM_GPU,xRFM_GPU,tabarena-2025-09-03
30,TABM_GPU (default),1303.8,60.6,64.5,28.179761904761904,0.52316207,0.15926951000433137,0.08316819432712683,0.0650122635831994,0.06452490910625557,0.3111111111111111,0.28888888888888886,0.14444444444444443,27.255555555555556,61.682573802509005,0.5667323370301534,14.835675797854533,0.2968720619413236,0.7765474233939643,0.8035947658521786,0.0,27.555555555555557,0.09578732108109975,0.10506816403934927,0.17940447391033604,19.912485864427353,0.16973161697387695,10.213381764059356,0.1381032773929915,0.9030847074936763,0.8551169141783292,0.0,config,default,TABM_GPU,TabM_GPU,tabarena-2025-06-12
31,TABDPT_GPU (default),1303.6,85.6,79.5,28.194444444444446,0.52290446,0.15053142188504662,0.05661425736788081,0.05526375536050837,0.0906855927256378,0.3,0.8388888888888889,1.0944444444444443,25.766666666666666,480.8903891251201,225.3606902061474,45.13525596195366,43.37765292065244,0.7364925643025416,0.7582779442683814,0.0,32.38333333333333,0.11140578243815694,0.11084418981748893,0.19144209695472097,198.03013952573139,66.6236925787396,46.89821159739387,43.82395203037029,1.0,0.9135418898799468,0.0,config,default,TABDPT_GPU,TabDPT_GPU,tabarena-2025-10-20
32,NN_TORCH (tuned + ensemble),1300.7,57.6,48.6,28.39027777777778,0.5194688,0.15231401259942126,0.0756810812860223,0.06247492709976536,0.0484770902267992,0.03333333333333333,0.03333333333333333,0.14444444444444443,27.788888888888888,17562.746462081446,7.637633069876641,3131.183492581656,3.2561923278095626,0.851238445977714,0.8276202685377859,0.0,27.65555555555556,0.10022855331568825,0.10207613581775171,0.18230790362234012,7796.159378780259,3.3854765362209744,2757.393609937777,2.362116445133486,0.9978730221908028,0.8784725259268167,0.0,hpo,tuned_ensemble,NN_TORCH,NeuralNetTorch,tabarena-2025-06-12
33,EBM (tuned),1286.4,50.8,46.2,29.35972222222222,0.5024611,0.16359653933867543,0.07884816446477833,0.06392536948979279,0.054498991041548504,0.13333333333333333,0.1,0.21111111111111108,27.555555555555557,54346.761121305164,0.37091357726899404,20711.836669444754,0.24738534662306924,0.8700485146255089,0.8500588448988934,0.0,28.56388888888889,0.10586696800997913,0.1285200315159352,0.18939599596106377,4959.211306876607,0.10572666856977675,2686.1102136380086,0.05401001848814474,1.0,0.8819753467639645,0.0,hpo,tuned,EBM,ExplainableBM,tabarena-2025-09-03
34,XRFM_GPU (tuned),1275.4,49.6,54.5,30.111507936507937,0.4892718,0.1685877214276738,0.07173076002531092,0.06898484385812824,0.06524549231592207,0.4611111111111111,0.15,0.22777777777777777,27.16111111111111,9603.771563096792,1.7357388754212668,1373.3728568338315,0.27656503242129804,0.8657972990868348,0.8418134721722732,0.0,28.18888888888889,0.11856044707531851,0.10398345213047418,0.1771460683643954,2010.3465564846992,0.19655309783087838,1053.8389609554633,0.16875500703207183,0.9981228399802309,0.8816807378886392,0.0,hpo,tuned,XRFM_GPU,xRFM_GPU,tabarena-2025-09-03
35,EBM (default),1267.8,41.7,50.0,30.626984126984127,0.48022836,0.16897520455941678,0.08126086779766589,0.06767017542383306,0.05333730277032929,0.24444444444444444,0.13333333333333333,0.06666666666666667,27.555555555555557,149.34997765246837,0.2983846342279798,51.93412493535682,0.17075065934347403,0.8590455487827232,0.8609751354470213,0.0,29.727777777777778,0.10524704051777077,0.11924174261018139,0.18831976942424228,14.209096956253052,0.0960937221844991,7.3950600272958305,0.056995989874116,1.0,0.9221938586246439,0.0,config,default,EBM,ExplainableBM,tabarena-2025-09-03
36,MNCA_GPU (default),1267.2,49.8,49.0,30.665873015873018,0.47954607,0.17617591527653922,0.07340409383183741,0.06660889135516188,0.06207075893657748,0.37777777777777777,0.17777777777777776,0.4222222222222222,27.022222222222222,110.04711052647659,3.7856039439874984,13.535436367935501,0.771275208116245,0.8761589047432936,0.8535312917065037,0.0,28.944444444444443,0.10372912905978474,0.12430541410995105,0.19362899551188198,28.71179113123152,0.4847150511211819,14.777266169000828,0.34634581634079226,1.0,0.8657373175364627,0.0,config,default,MNCA_GPU,ModernNCA_GPU,tabarena-2025-06-12
37,FASTAI (tuned + ensemble),1261.8,61.6,66.0,31.032142857142855,0.4731203,0.1735468647945173,0.07949368076622809,0.06920519940143026,0.06296134662265603,0.4666666666666667,0.2,0.13333333333333333,27.2,5322.660462133421,13.886344349005865,1526.1869645234353,9.860322689924383,0.835096883128149,0.8404991686449993,0.0,28.49722222222222,0.10414701125998861,0.13854880412230025,0.1848476447138906,2480.0450326363243,10.96295540465249,1031.2762762778966,7.936193361184221,1.0,0.8748208801838405,0.0,hpo,tuned_ensemble,FASTAI,NeuralNetFastAI,tabarena-2025-06-12
38,NN_TORCH (tuned),1227.0,53.0,47.5,33.35198412698413,0.43242133,0.17128095859556547,0.0745002492522866,0.06268687832634352,0.04529633077520635,0.2111111111111111,0.0,0.06666666666666667,27.72222222222222,17562.746462081446,0.4080465851795106,3131.183492581656,0.1916126981793489,0.9226776663554587,0.8925364286003509,0.0,33.97222222222222,0.12195121233410378,0.12582835826806166,0.18175059060217846,7796.159378780259,0.1617233223385281,2757.393609937777,0.15177921475257505,1.0,0.9388618689762063,0.0,hpo,tuned,NN_TORCH,NeuralNetTorch,tabarena-2025-06-12
39,REALMLP_GPU (default),1226.5,45.4,40.4,33.38472222222222,0.43184695,0.17505699681152884,0.07296807577680706,0.06459834527990185,0.046290911493048315,0.16666666666666666,0.13333333333333333,0.13333333333333333,27.566666666666666,83.34733814213958,4.005493253091025,15.571151734721019,4.823127000029011,0.9379762115901719,0.9091208300743069,0.0,32.83333333333333,0.11484525867155336,0.11627901699045992,0.19118444885233174,37.78860782252418,3.7884810898039074,12.832320135621377,3.1782656368232454,1.0,0.9395777266501859,0.0,config,default,REALMLP_GPU,RealMLP_GPU,tabarena-2025-09-03
40,XGB (default),1205.9,52.8,49.1,34.73373015873016,0.4081802,0.17838088774912148,0.08317178136809522,0.061633979847076456,0.042279175206378174,0.14444444444444443,0.14444444444444443,0.1111111111111111,27.6,7.63431139318716,0.3496840770755495,3.071548052349638,0.2684057796103313,0.9381001511780037,0.9155735836432509,0.0,36.611111111111114,0.12789813864504535,0.1546569977461924,0.18873009872201682,4.802795754538642,0.24510856337017484,2.131192529504693,0.1723616650766632,1.0,0.984126528840845,0.0,config,default,XGB,XGBoost,tabarena-2025-06-12
41,XT (tuned + ensemble),1204.3,64.9,69.6,34.83621031746032,0.40638226,0.19207597527808865,0.09164202275015523,0.07780798429608367,0.04747517873158413,0.1125,0.20833333333333331,0.25,27.429166666666667,1042.4083585112342,2.291641511567055,504.1026476971836,1.5692386546597414,0.9024189673783941,0.8830910678133563,0.0,37.94166666666666,0.1189758178176879,0.16224115906894315,0.1871801752933308,725.5295861164728,1.376043540901608,301.5469175743016,1.1072061410393341,1.0,0.9667723118762446,0.0,hpo,tuned_ensemble,XT,ExtraTrees,tabarena-2025-06-12
42,FASTAI (tuned),1201.6,60.4,76.4,35.01706349206349,0.40320942,0.18770657200235938,0.07756586589114825,0.06816290119633964,0.05161160947665616,0.2,0.21111111111111108,0.42777777777777776,27.16111111111111,5322.660462133421,0.9364483009255122,1526.1869645234353,0.7309469111940813,0.9369438388325371,0.8866331573396715,0.0,33.81666666666666,0.1142237740189996,0.1459679157837085,0.18575992170261857,2480.0450326363243,0.7653437455495198,1031.2762762778966,0.5556626877495074,1.0,0.9224748745143085,0.0,hpo,tuned,FASTAI,NeuralNetFastAI,tabarena-2025-06-12
43,XT (tuned),1172.7,62.8,81.5,36.857142857142854,0.3709273,0.20116739806398456,0.09136411403013703,0.07869484624657185,0.04967028743323122,0.22083333333333333,0.2833333333333333,0.39444444444444443,27.101388888888888,1042.4083585112342,0.26078083586125145,504.1026476971836,0.1979444586328616,0.9279069347163398,0.9020402863324273,0.0,39.44444444444444,0.13152299771681195,0.17334626749328502,0.18999858621900323,725.5295861164728,0.16428564654456246,301.5469175743016,0.1387003008311967,1.0,0.9897557579600567,0.0,hpo,tuned,XT,ExtraTrees,tabarena-2025-06-12
44,RF (tuned + ensemble),1169.6,71.8,82.3,37.04861111111111,0.36756822,0.20306962055806257,0.09453495753894839,0.07451288310598159,0.04627481265374823,0.1625,0.2361111111111111,0.125,27.476388888888888,1326.6701833075947,2.112743543490531,552.0576303980956,1.4868265695387908,0.9266975200460214,0.8972561867682357,0.0,38.458333333333336,0.11680437167740257,0.17793151819283737,0.1881036126719604,831.0791872077518,1.1740471296840242,440.56392522158217,1.1454339336659096,1.0,0.9876535669390507,0.0,hpo,tuned_ensemble,RF,RandomForest,tabarena-2025-06-12
45,GBM (default),1167.8,53.7,51.2,37.16210317460317,0.36557713,0.185901990900227,0.07669256110943348,0.06502497681636875,0.03360667299116599,0.03333333333333333,0.0,0.0,27.96666666666667,6.745100122311759,0.29313284002599266,3.308508331040997,0.17445232216227113,0.946799481335329,0.9308595790903157,0.0,38.31944444444444,0.14680734261432601,0.16963356492824808,0.18640196477487864,5.257359478208754,0.2367094490263197,2.6642108458542606,0.12463358435553942,1.0,0.9851329737800307,0.0,config,default,GBM,LightGBM,tabarena-2025-06-12
46,RF (tuned),1138.6,61.7,76.2,38.953670634920634,0.33414617,0.2098497525867086,0.09427656446700114,0.07395444366250106,0.04907052445143224,0.2986111111111111,0.37777777777777777,0.3194444444444444,27.004166666666666,1326.6701833075947,0.210310540927781,552.0576303980956,0.17921491856483857,0.945893787601125,0.9145990334738668,0.0,41.00555555555556,0.1212619921815429,0.1946840078865909,0.19014987878267353,831.0791872077518,0.15466560257805717,440.56392522158217,0.11226826458769892,1.0,0.9963218710884155,0.0,hpo,tuned,RF,RandomForest,tabarena-2025-06-12
47,NN_TORCH (default),1085.0,54.9,56.1,42.04900793650794,0.279842,0.21946667989969576,0.08600118002283252,0.07138533452748785,0.0311101490039216,0.1,0.06666666666666667,0.0,27.833333333333332,41.22237755717739,0.32205679572763896,11.274293372380532,0.20304704347117417,0.9871055334913804,0.9714444698751127,0.0,42.33333333333333,0.1554559411584761,0.1979204241880907,0.1855542415862469,20.889649748802185,0.16812459627787274,9.689607260422605,0.1689004153040808,1.0,0.9977594140560502,0.0,config,default,NN_TORCH,NeuralNetTorch,tabarena-2025-06-12
48,LR (tuned + ensemble),1044.8,83.6,119.5,44.16289682539683,0.24275622,0.27954217825652083,0.09029200755031497,0.08898322303981976,0.033891133345014215,0.06666666666666667,0.13333333333333333,0.2,27.6,1117.7954870289755,1.0275149703498871,575.0285320020123,0.8026310900814824,0.9494256685232269,0.9521290223828306,0.0,47.761111111111106,0.21557650531693562,0.24140983892630957,0.2080296389541637,824.2225359638533,0.7159629305203756,379.8227739222796,0.7124852387173051,1.0,1.0,0.0,hpo,tuned_ensemble,LR,LinearModel,tabarena-2025-10-20
49,KNN (tuned + ensemble),1040.5,91.7,116.6,44.37817460317461,0.23897938,0.2657957995958661,0.09696268970463756,0.09144540308562019,0.04004213912594736,0.31666666666666665,0.09999999999999999,0.0,27.583333333333332,2574.134713757227,134.8843269166019,247.2922482119454,8.306246310301928,0.9628176534981676,0.9396513217319613,0.0,48.41388888888889,0.18474936295680278,0.2782748719623336,0.20177667118051887,374.55833584070206,2.8810400446256,113.26092360954439,1.8753293705571914,1.0,1.0,0.0,hpo,tuned_ensemble,KNN,KNeighbors,tabarena-2025-10-20
50,FASTAI (default),1033.5,64.1,78.8,44.72380952380952,0.23291562,0.24232565976286294,0.07924385951688098,0.07010632277685722,0.0363058520083468,0.26666666666666666,0.13333333333333333,0.0,27.6,22.423045803393638,0.8563134157941455,5.509140956648351,0.5636484457548361,1.0,0.9689762278722694,0.0,46.013888888888886,0.19187490853878508,0.23124251934363776,0.19661450038621925,10.44191459549798,0.6599425342347887,3.969760290202518,0.5709585552273881,1.0,1.0,0.0,config,default,FASTAI,NeuralNetFastAI,tabarena-2025-06-12
51,LR (tuned),1024.1,86.4,120.5,45.17718253968253,0.22496171,0.2842368433561903,0.09002805456868362,0.09049236986140813,0.03188265513376425,0.03333333333333333,0.2,0.1,27.666666666666668,1117.7954870289755,0.2033132249873782,575.0285320020123,0.12511643557517924,0.966533357028796,0.959375990415931,0.0,49.11388888888889,0.21283419879110987,0.2646796889292109,0.20786071671254852,824.2225359638533,0.1159165170457628,379.8227739222796,0.09392871544213852,1.0,1.0,0.0,hpo,tuned,LR,LinearModel,tabarena-2025-10-20
52,XRFM_GPU (default),1001.3,71.8,99.6,46.23571428571428,0.20639098,0.26679696553197735,0.06755045044276808,0.06352483866456043,0.025418699136020014,0.0,0.03333333333333333,0.03333333333333333,27.933333333333334,32.235905371630004,2.6021926105495483,6.55825320573688,1.7846793194261488,0.99665951277715,0.9776125886213581,0.0,50.36666666666667,0.20809570184698256,0.29023919199192527,0.2153991651012757,10.067420609792073,1.262812606493632,4.003871439996696,0.9744797373744821,1.0,1.0,0.0,config,default,XRFM_GPU,xRFM_GPU,tabarena-2025-09-03
53,RF (default),1000.0,57.7,74.5,46.292857142857144,0.20538847,0.2649815757626633,0.0878974356154284,0.08039604139427262,0.02527099167710168,0.0,0.05,0.05,27.9,2.8234617933394417,0.12509425556848922,0.8314853115985078,0.08075416812687326,0.9992483699157677,0.983549313436438,0.0,48.394444444444446,0.1837672875432016,0.30315325516807,0.21407475396678108,1.0094209909439087,0.06674786938561333,0.42650014959602217,0.06084250460339455,1.0,1.0,0.0,config,default,RF,RandomForest,tabarena-2025-06-12
54,LR (default),953.2,87.3,118.7,48.262499999999996,0.17083333,0.3126048444006411,0.08585147050774528,0.08611288053249466,0.029075987437141817,0.13333333333333333,0.0,0.06666666666666667,27.8,5.478437600580473,0.22519879274898105,2.8648206290257496,0.16019079472343023,0.9782607896422846,0.9688881779800924,0.0,53.111111111111114,0.23683890432885218,0.2685344039173876,0.21644594350670465,4.100758605533176,0.14536278777652317,1.81492138115091,0.13146663391485508,1.0,1.0,0.0,config,default,LR,LinearModel,tabarena-2025-10-20
55,XT (default),951.6,78.4,103.0,48.32678571428572,0.16970551,0.2869914758132152,0.081946932087551,0.08887612789653718,0.0239452590820716,0.03333333333333333,0.0,0.0,27.96666666666667,2.2860958914435097,0.15728124645021227,0.7913652099682914,0.08348375605382168,0.9931881403573852,0.9814290834454017,0.0,51.72222222222222,0.226983754218517,0.33221939035637765,0.21854566188237634,0.9149789545271132,0.07701412836710612,0.35769959100421933,0.06299024075753575,1.0,1.0,0.0,config,default,XT,ExtraTrees,tabarena-2025-06-12
56,KNN (tuned),949.3,107.9,136.2,48.41388888888889,0.16817738,0.32402705416560845,0.09694775565330183,0.09658363863571948,0.03133549915388327,0.13333333333333333,0.03333333333333333,0.1,27.733333333333334,2574.134713757227,17.60805542204115,247.2922482119454,0.9607884805277335,0.979363093011093,0.9538474358472092,0.0,53.05555555555556,0.29527381056127405,0.34544847594966344,0.21769603072691,374.55833584070206,0.2756019287639194,113.26092360954439,0.15296443407981705,1.0,1.0,0.0,hpo,tuned,KNN,KNeighbors,tabarena-2025-10-20
57,KNN (default),575.9,133.7,182.7,56.5843253968254,0.024836397,0.49546156634395866,0.08511096748039204,0.08027520700172264,0.01923549926816886,0.03333333333333333,0.0,0.0,27.96666666666667,2.4294919222593307,0.5444978265062211,0.6508487063102752,0.05448108231329304,1.0,0.9976949202128731,0.0,57.894444444444446,0.4676169010557216,0.9935459221673617,0.2660745778949323,0.47229254245758057,0.033692902988857694,0.23049448281441165,0.022939012749532903,1.0,1.0,0.0,config,default,KNN,KNeighbors,tabarena-2025-10-20
