config,dataset,openml_id,fold,n,d,classes,accuracy,time
cum1_factored,GesturePhaseSegmentationProcessed,4538,0,9873,32,5,0.56,800.6492142677307
cum1_factored,GesturePhaseSegmentationProcessed,4538.0,0.0,9873.0,32.0,5.0,0.56,800.6492142677307
cum1_factored,GesturePhaseSegmentationProcessed,4538,1,9873,32,5,0.5564556962025317,802.7605028152466
cum1_factored,GesturePhaseSegmentationProcessed,4538.0,1.0,9873.0,32.0,5.0,0.5564556962025317,802.7605028152466
cum1_factored,GesturePhaseSegmentationProcessed,4538,2,9873,32,5,0.5529113924050633,806.6561698913574
cum1_factored,GesturePhaseSegmentationProcessed,4538.0,2.0,9873.0,32.0,5.0,0.5529113924050633,806.6561698913574
cum1_factored,GesturePhaseSegmentationProcessed,4538,3,9873,32,5,0.5557244174265451,806.5444405078888
cum1_factored,GesturePhaseSegmentationProcessed,4538.0,3.0,9873.0,32.0,5.0,0.5557244174265451,806.5444405078888
cum1_factored,GesturePhaseSegmentationProcessed,4538,4,9873,32,5,0.5542046605876393,815.3991520404816
cum1_factored,GesturePhaseSegmentationProcessed,4538.0,4.0,9873.0,32.0,5.0,0.5542046605876393,815.3991520404816
cum1_factored,MiceProtein,40966,0,1080,77,8,1.0,133.47769236564636
cum1_factored,MiceProtein,40966.0,0.0,1080.0,77.0,8.0,1.0,133.47769236564636
cum1_factored,MiceProtein,40966,1,1080,77,8,0.9953703703703703,119.4653387069702
cum1_factored,MiceProtein,40966.0,1.0,1080.0,77.0,8.0,0.9953703703703703,119.4653387069702
cum1_factored,MiceProtein,40966,2,1080,77,8,0.9953703703703703,117.93215560913086
cum1_factored,MiceProtein,40966.0,2.0,1080.0,77.0,8.0,0.9953703703703703,117.93215560913086
cum1_factored,MiceProtein,40966,3,1080,77,8,1.0,132.45545196533203
cum1_factored,MiceProtein,40966.0,3.0,1080.0,77.0,8.0,1.0,132.45545196533203
cum1_factored,MiceProtein,40966,4,1080,77,8,0.9861111111111112,148.65087628364563
cum1_factored,MiceProtein,40966.0,4.0,1080.0,77.0,8.0,0.9861111111111112,148.65087628364563
cum1_factored,PhishingWebsites,4534,0,11055,30,2,0.9678878335594754,931.8456439971924
cum1_factored,PhishingWebsites,4534.0,0.0,11055.0,30.0,2.0,0.9678878335594754,931.8456439971924
cum1_factored,PhishingWebsites,4534,1,11055,30,2,0.9678878335594754,1009.9227256774902
cum1_factored,PhishingWebsites,4534.0,1.0,11055.0,30.0,2.0,0.9678878335594754,1009.9227256774902
cum1_factored,PhishingWebsites,4534,2,11055,30,2,0.960651289009498,962.504336833954
cum1_factored,PhishingWebsites,4534.0,2.0,11055.0,30.0,2.0,0.960651289009498,962.504336833954
cum1_factored,PhishingWebsites,4534,3,11055,30,2,0.9678878335594754,910.0918338298798
cum1_factored,PhishingWebsites,4534.0,3.0,11055.0,30.0,2.0,0.9678878335594754,910.0918338298798
cum1_factored,PhishingWebsites,4534,4,11055,30,2,0.968340117593849,912.8735337257384
cum1_factored,PhishingWebsites,4534.0,4.0,11055.0,30.0,2.0,0.968340117593849,912.8735337257384
cum1_factored,analcatdata_authorship,458,0,841,70,4,1.0,101.71721649169922
cum1_factored,analcatdata_authorship,458.0,0.0,841.0,70.0,4.0,1.0,101.71721649169922
cum1_factored,analcatdata_authorship,458,1,841,70,4,0.9940476190476192,95.81140565872192
cum1_factored,analcatdata_authorship,458.0,1.0,841.0,70.0,4.0,0.9940476190476192,95.81140565872192
cum1_factored,analcatdata_authorship,458,2,841,70,4,1.0,92.85232877731325
cum1_factored,analcatdata_authorship,458.0,2.0,841.0,70.0,4.0,1.0,92.85232877731325
cum1_factored,analcatdata_authorship,458,3,841,70,4,0.988095238095238,92.36378884315492
cum1_factored,analcatdata_authorship,458.0,3.0,841.0,70.0,4.0,0.988095238095238,92.36378884315492
cum1_factored,analcatdata_authorship,458,4,841,70,4,1.0,93.53191447257996
cum1_factored,analcatdata_authorship,458.0,4.0,841.0,70.0,4.0,1.0,93.53191447257996
cum1_factored,analcatdata_dmft,469,0,797,4,6,0.175,60.50058436393738
cum1_factored,analcatdata_dmft,469.0,0.0,797.0,4.0,6.0,0.175,60.50058436393738
cum1_factored,analcatdata_dmft,469,1,797,4,6,0.175,60.95328950881958
cum1_factored,analcatdata_dmft,469.0,1.0,797.0,4.0,6.0,0.175,60.95328950881958
cum1_factored,analcatdata_dmft,469,2,797,4,6,0.1886792452830188,62.524821043014526
cum1_factored,analcatdata_dmft,469.0,2.0,797.0,4.0,6.0,0.1886792452830188,62.524821043014526
cum1_factored,analcatdata_dmft,469,3,797,4,6,0.2389937106918239,59.44235038757324
cum1_factored,analcatdata_dmft,469.0,3.0,797.0,4.0,6.0,0.2389937106918239,59.44235038757324
cum1_factored,analcatdata_dmft,469,4,797,4,6,0.2138364779874214,60.38645005226135
cum1_factored,analcatdata_dmft,469.0,4.0,797.0,4.0,6.0,0.2138364779874214,60.38645005226135
cum1_factored,balance-scale,11,0,625,4,3,0.976,48.820316553115845
cum1_factored,balance-scale,11.0,0.0,625.0,4.0,3.0,0.976,48.820316553115845
cum1_factored,balance-scale,11,1,625,4,3,0.992,52.54588580131531
cum1_factored,balance-scale,11.0,1.0,625.0,4.0,3.0,0.992,52.54588580131531
cum1_factored,balance-scale,11,2,625,4,3,0.984,50.96006870269776
cum1_factored,balance-scale,11.0,2.0,625.0,4.0,3.0,0.984,50.96006870269776
cum1_factored,balance-scale,11,3,625,4,3,0.984,50.12007546424866
cum1_factored,balance-scale,11.0,3.0,625.0,4.0,3.0,0.984,50.12007546424866
cum1_factored,balance-scale,11,4,625,4,3,0.976,49.11271333694458
cum1_factored,balance-scale,11.0,4.0,625.0,4.0,3.0,0.976,49.11271333694458
cum1_factored,banknote-authentication,1462,0,1372,4,2,1.0,109.72162580490112
cum1_factored,banknote-authentication,1462.0,0.0,1372.0,4.0,2.0,1.0,109.72162580490112
cum1_factored,banknote-authentication,1462,1,1372,4,2,1.0,104.91744208335876
cum1_factored,banknote-authentication,1462.0,1.0,1372.0,4.0,2.0,1.0,104.91744208335876
cum1_factored,banknote-authentication,1462,2,1372,4,2,1.0,105.06874203681946
cum1_factored,banknote-authentication,1462.0,2.0,1372.0,4.0,2.0,1.0,105.06874203681946
cum1_factored,banknote-authentication,1462,3,1372,4,2,1.0,106.18772768974304
cum1_factored,banknote-authentication,1462.0,3.0,1372.0,4.0,2.0,1.0,106.18772768974304
cum1_factored,banknote-authentication,1462,4,1372,4,2,1.0,121.66681098937988
cum1_factored,banknote-authentication,1462.0,4.0,1372.0,4.0,2.0,1.0,121.66681098937988
cum1_factored,blood-transfusion-service-center,1464,0,748,4,2,0.7733333333333333,58.90635466575623
cum1_factored,blood-transfusion-service-center,1464.0,0.0,748.0,4.0,2.0,0.7733333333333333,58.90635466575623
cum1_factored,blood-transfusion-service-center,1464,1,748,4,2,0.8133333333333334,58.73045921325684
cum1_factored,blood-transfusion-service-center,1464.0,1.0,748.0,4.0,2.0,0.8133333333333334,58.73045921325684
cum1_factored,blood-transfusion-service-center,1464,2,748,4,2,0.8,57.3487401008606
cum1_factored,blood-transfusion-service-center,1464.0,2.0,748.0,4.0,2.0,0.8,57.3487401008606
cum1_factored,blood-transfusion-service-center,1464,3,748,4,2,0.8053691275167785,55.909400939941406
cum1_factored,blood-transfusion-service-center,1464.0,3.0,748.0,4.0,2.0,0.8053691275167785,55.909400939941406
cum1_factored,blood-transfusion-service-center,1464,4,748,4,2,0.7986577181208053,55.1012167930603
cum1_factored,blood-transfusion-service-center,1464.0,4.0,748.0,4.0,2.0,0.7986577181208053,55.1012167930603
cum1_factored,breast-w,15,0,699,9,2,0.9714285714285714,55.64830851554871
cum1_factored,breast-w,15.0,0.0,699.0,9.0,2.0,0.9714285714285714,55.64830851554871
cum1_factored,breast-w,15,1,699,9,2,0.9571428571428572,55.42289662361145
cum1_factored,breast-w,15.0,1.0,699.0,9.0,2.0,0.9571428571428572,55.42289662361145
cum1_factored,breast-w,15,2,699,9,2,0.9642857142857144,55.27712607383728
cum1_factored,breast-w,15.0,2.0,699.0,9.0,2.0,0.9642857142857144,55.27712607383728
cum1_factored,breast-w,15,3,699,9,2,0.9642857142857144,54.65899419784546
cum1_factored,breast-w,15.0,3.0,699.0,9.0,2.0,0.9642857142857144,54.65899419784546
cum1_factored,breast-w,15,4,699,9,2,0.9640287769784172,54.3000648021698
cum1_factored,breast-w,15.0,4.0,699.0,9.0,2.0,0.9640287769784172,54.3000648021698
cum1_factored,car,40975,0,1728,6,4,0.9884393063583816,69.44999670982361
cum1_factored,car,40975.0,0.0,1728.0,6.0,4.0,0.9884393063583816,69.44999670982361
cum1_factored,car,40975,1,1728,6,4,0.9913294797687862,121.84465193748474
cum1_factored,car,40975.0,1.0,1728.0,6.0,4.0,0.9913294797687862,121.84465193748474
cum1_factored,car,40975,2,1728,6,4,0.9826589595375722,115.54797983169556
cum1_factored,car,40975.0,2.0,1728.0,6.0,4.0,0.9826589595375722,115.54797983169556
cum1_factored,car,40975,3,1728,6,4,0.991304347826087,134.03075432777405
cum1_factored,car,40975.0,3.0,1728.0,6.0,4.0,0.991304347826087,134.03075432777405
cum1_factored,car,40975,4,1728,6,4,0.9971014492753624,140.22477197647095
cum1_factored,car,40975.0,4.0,1728.0,6.0,4.0,0.9971014492753624,140.22477197647095
cum1_factored,churn,40701,0,5000,20,2,0.963,420.51370310783386
cum1_factored,churn,40701.0,0.0,5000.0,20.0,2.0,0.963,420.51370310783386
cum1_factored,churn,40701,1,5000,20,2,0.959,438.968935251236
cum1_factored,churn,40701.0,1.0,5000.0,20.0,2.0,0.959,438.968935251236
cum1_factored,churn,40701,2,5000,20,2,0.949,446.07836055755615
cum1_factored,churn,40701.0,2.0,5000.0,20.0,2.0,0.949,446.07836055755615
cum1_factored,churn,40701,3,5000,20,2,0.944,445.6516683101654
cum1_factored,churn,40701.0,3.0,5000.0,20.0,2.0,0.944,445.6516683101654
cum1_factored,churn,40701,4,5000,20,2,0.957,446.55195450782776
cum1_factored,churn,40701.0,4.0,5000.0,20.0,2.0,0.957,446.55195450782776
cum1_factored,climate-model-simulation-crashes,40994,0,540,18,2,0.9444444444444444,36.873969078063965
cum1_factored,climate-model-simulation-crashes,40994.0,0.0,540.0,18.0,2.0,0.9444444444444444,36.873969078063965
cum1_factored,climate-model-simulation-crashes,40994,1,540,18,2,0.9444444444444444,37.38350582122803
cum1_factored,climate-model-simulation-crashes,40994.0,1.0,540.0,18.0,2.0,0.9444444444444444,37.38350582122803
cum1_factored,climate-model-simulation-crashes,40994,2,540,18,2,0.9166666666666666,40.67054796218872
cum1_factored,climate-model-simulation-crashes,40994.0,2.0,540.0,18.0,2.0,0.9166666666666666,40.67054796218872
cum1_factored,climate-model-simulation-crashes,40994,3,540,18,2,0.9351851851851852,42.25171089172363
cum1_factored,climate-model-simulation-crashes,40994.0,3.0,540.0,18.0,2.0,0.9351851851851852,42.25171089172363
cum1_factored,climate-model-simulation-crashes,40994,4,540,18,2,0.925925925925926,49.52004075050354
cum1_factored,climate-model-simulation-crashes,40994.0,4.0,540.0,18.0,2.0,0.925925925925926,49.52004075050354
cum1_factored,cmc,23,0,1473,9,3,0.5525423728813559,141.80572056770325
cum1_factored,cmc,23.0,0.0,1473.0,9.0,3.0,0.5525423728813559,141.80572056770325
cum1_factored,cmc,23,1,1473,9,3,0.5966101694915255,144.84828972816467
cum1_factored,cmc,23.0,1.0,1473.0,9.0,3.0,0.5966101694915255,144.84828972816467
cum1_factored,cmc,23,2,1473,9,3,0.5491525423728814,141.0828320980072
cum1_factored,cmc,23.0,2.0,1473.0,9.0,3.0,0.5491525423728814,141.0828320980072
cum1_factored,cmc,23,3,1473,9,3,0.564625850340136,142.63799476623535
cum1_factored,cmc,23.0,3.0,1473.0,9.0,3.0,0.564625850340136,142.63799476623535
cum1_factored,cmc,23,4,1473,9,3,0.5748299319727891,136.3499162197113
cum1_factored,cmc,23.0,4.0,1473.0,9.0,3.0,0.5748299319727891,136.3499162197113
cum1_factored,connect-4,40668,4,67557,42,3,,10325.680648088455
cum1_factored,connect-4,40668.0,4.0,67557.0,42.0,3.0,,10325.680648088455
cum1_factored,credit-approval,29,0,690,15,2,0.855072463768116,65.25109839439392
cum1_factored,credit-approval,29.0,0.0,690.0,15.0,2.0,0.855072463768116,65.25109839439392
cum1_factored,credit-approval,29,1,690,15,2,0.7971014492753623,64.35542249679565
cum1_factored,credit-approval,29.0,1.0,690.0,15.0,2.0,0.7971014492753623,64.35542249679565
cum1_factored,credit-approval,29,2,690,15,2,0.8768115942028986,65.94404292106628
cum1_factored,credit-approval,29.0,2.0,690.0,15.0,2.0,0.8768115942028986,65.94404292106628
cum1_factored,credit-approval,29,3,690,15,2,0.8260869565217391,64.79145503044128
cum1_factored,credit-approval,29.0,3.0,690.0,15.0,2.0,0.8260869565217391,64.79145503044128
cum1_factored,credit-approval,29,4,690,15,2,0.8985507246376812,65.3582546710968
cum1_factored,credit-approval,29.0,4.0,690.0,15.0,2.0,0.8985507246376812,65.3582546710968
cum1_factored,credit-g,31,0,1000,20,2,0.745,108.6593234539032
cum1_factored,credit-g,31.0,0.0,1000.0,20.0,2.0,0.745,108.6593234539032
cum1_factored,credit-g,31,1,1000,20,2,0.715,106.7414801120758
cum1_factored,credit-g,31.0,1.0,1000.0,20.0,2.0,0.715,106.7414801120758
cum1_factored,credit-g,31,2,1000,20,2,0.745,106.08719277381896
cum1_factored,credit-g,31.0,2.0,1000.0,20.0,2.0,0.745,106.08719277381896
cum1_factored,credit-g,31,3,1000,20,2,0.755,107.76327586174013
cum1_factored,credit-g,31.0,3.0,1000.0,20.0,2.0,0.755,107.76327586174013
cum1_factored,credit-g,31,4,1000,20,2,0.75,100.75499105453493
cum1_factored,credit-g,31.0,4.0,1000.0,20.0,2.0,0.75,100.75499105453493
cum1_factored,cylinder-bands,6332,0,540,37,2,0.7037037037037037,55.405030965805054
cum1_factored,cylinder-bands,6332.0,0.0,540.0,37.0,2.0,0.7037037037037037,55.405030965805054
cum1_factored,cylinder-bands,6332,1,540,37,2,0.7129629629629629,54.92022252082825
cum1_factored,cylinder-bands,6332.0,1.0,540.0,37.0,2.0,0.7129629629629629,54.92022252082825
cum1_factored,cylinder-bands,6332,2,540,37,2,0.7777777777777778,54.436192989349365
cum1_factored,cylinder-bands,6332.0,2.0,540.0,37.0,2.0,0.7777777777777778,54.436192989349365
cum1_factored,cylinder-bands,6332,3,540,37,2,0.7222222222222222,54.17558717727661
cum1_factored,cylinder-bands,6332.0,3.0,540.0,37.0,2.0,0.7222222222222222,54.17558717727661
cum1_factored,cylinder-bands,6332,4,540,37,2,0.7222222222222222,54.673343896865845
cum1_factored,cylinder-bands,6332.0,4.0,540.0,37.0,2.0,0.7222222222222222,54.673343896865845
cum1_factored,diabetes,37,0,768,8,2,0.7337662337662337,61.63823175430298
cum1_factored,diabetes,37.0,0.0,768.0,8.0,2.0,0.7337662337662337,61.63823175430298
cum1_factored,diabetes,37,1,768,8,2,0.8181818181818182,60.40710258483887
cum1_factored,diabetes,37.0,1.0,768.0,8.0,2.0,0.8181818181818182,60.40710258483887
cum1_factored,diabetes,37,2,768,8,2,0.7922077922077922,60.490031003952026
cum1_factored,diabetes,37.0,2.0,768.0,8.0,2.0,0.7922077922077922,60.490031003952026
cum1_factored,diabetes,37,3,768,8,2,0.738562091503268,59.35199165344238
cum1_factored,diabetes,37.0,3.0,768.0,8.0,2.0,0.738562091503268,59.35199165344238
cum1_factored,diabetes,37,4,768,8,2,0.738562091503268,60.18886423110962
cum1_factored,diabetes,37.0,4.0,768.0,8.0,2.0,0.738562091503268,60.18886423110962
cum1_factored,dna,40670,0,3186,180,3,0.927899686520376,878.2046821117401
cum1_factored,dna,40670.0,0.0,3186.0,180.0,3.0,0.927899686520376,878.2046821117401
cum1_factored,dna,40670,1,3186,180,3,0.9215070643642072,887.6427612304688
cum1_factored,dna,40670.0,1.0,3186.0,180.0,3.0,0.9215070643642072,887.6427612304688
cum1_factored,dna,40670,2,3186,180,3,0.956043956043956,893.3049914836884
cum1_factored,dna,40670.0,2.0,3186.0,180.0,3.0,0.956043956043956,893.3049914836884
cum1_factored,dna,40670,3,3186,180,3,0.9403453689167977,859.9601557254791
cum1_factored,dna,40670.0,3.0,3186.0,180.0,3.0,0.9403453689167977,859.9601557254791
cum1_factored,dna,40670,4,3186,180,3,0.9466248037676608,846.9266965389252
cum1_factored,dna,40670.0,4.0,3186.0,180.0,3.0,0.9466248037676608,846.9266965389252
cum1_factored,dresses-sales,23381,0,500,12,2,0.57,34.255478620529175
cum1_factored,dresses-sales,23381.0,0.0,500.0,12.0,2.0,0.57,34.255478620529175
cum1_factored,dresses-sales,23381,1,500,12,2,0.57,37.113722801208496
cum1_factored,dresses-sales,23381.0,1.0,500.0,12.0,2.0,0.57,37.113722801208496
cum1_factored,dresses-sales,23381,2,500,12,2,0.59,36.54278945922852
cum1_factored,dresses-sales,23381.0,2.0,500.0,12.0,2.0,0.59,36.54278945922852
cum1_factored,dresses-sales,23381,3,500,12,2,0.63,36.23076128959656
cum1_factored,dresses-sales,23381.0,3.0,500.0,12.0,2.0,0.63,36.23076128959656
cum1_factored,dresses-sales,23381,4,500,12,2,0.61,36.96299505233765
cum1_factored,dresses-sales,23381.0,4.0,500.0,12.0,2.0,0.61,36.96299505233765
cum1_factored,eucalyptus,188,0,736,19,5,0.6081081081081081,69.9345600605011
cum1_factored,eucalyptus,188.0,0.0,736.0,19.0,5.0,0.6081081081081081,69.9345600605011
cum1_factored,eucalyptus,188,1,736,19,5,0.6326530612244898,70.3495020866394
cum1_factored,eucalyptus,188.0,1.0,736.0,19.0,5.0,0.6326530612244898,70.3495020866394
cum1_factored,eucalyptus,188,2,736,19,5,0.673469387755102,69.59396529197693
cum1_factored,eucalyptus,188.0,2.0,736.0,19.0,5.0,0.673469387755102,69.59396529197693
cum1_factored,eucalyptus,188,3,736,19,5,0.5986394557823129,70.12461948394775
cum1_factored,eucalyptus,188.0,3.0,736.0,19.0,5.0,0.5986394557823129,70.12461948394775
cum1_factored,eucalyptus,188,4,736,19,5,0.7346938775510204,69.95583987236023
cum1_factored,eucalyptus,188.0,4.0,736.0,19.0,5.0,0.7346938775510204,69.95583987236023
cum1_factored,first-order-theorem-proving,1475,0,6118,51,6,0.5416666666666666,572.8953640460968
cum1_factored,first-order-theorem-proving,1475.0,0.0,6118.0,51.0,6.0,0.5416666666666666,572.8953640460968
cum1_factored,first-order-theorem-proving,1475,1,6118,51,6,0.5236928104575164,576.9246895313263
cum1_factored,first-order-theorem-proving,1475.0,1.0,6118.0,51.0,6.0,0.5236928104575164,576.9246895313263
cum1_factored,first-order-theorem-proving,1475,2,6118,51,6,0.5433006535947712,574.8958892822266
cum1_factored,first-order-theorem-proving,1475.0,2.0,6118.0,51.0,6.0,0.5433006535947712,574.8958892822266
cum1_factored,first-order-theorem-proving,1475,3,6118,51,6,0.5568274734260016,579.1124260425568
cum1_factored,first-order-theorem-proving,1475.0,3.0,6118.0,51.0,6.0,0.5568274734260016,579.1124260425568
cum1_factored,first-order-theorem-proving,1475,4,6118,51,6,0.5233033524121014,575.8654940128326
cum1_factored,first-order-theorem-proving,1475.0,4.0,6118.0,51.0,6.0,0.5233033524121014,575.8654940128326
cum1_factored,ilpd,1480,0,583,10,2,0.7094017094017094,50.56714844703674
cum1_factored,ilpd,1480.0,0.0,583.0,10.0,2.0,0.7094017094017094,50.56714844703674
cum1_factored,ilpd,1480,1,583,10,2,0.7094017094017094,50.34955334663391
cum1_factored,ilpd,1480.0,1.0,583.0,10.0,2.0,0.7094017094017094,50.34955334663391
cum1_factored,ilpd,1480,2,583,10,2,0.7008547008547008,51.656171798706055
cum1_factored,ilpd,1480.0,2.0,583.0,10.0,2.0,0.7008547008547008,51.656171798706055
cum1_factored,ilpd,1480,3,583,10,2,0.7155172413793104,50.8071391582489
cum1_factored,ilpd,1480.0,3.0,583.0,10.0,2.0,0.7155172413793104,50.8071391582489
cum1_factored,ilpd,1480,4,583,10,2,0.6896551724137931,50.60038208961487
cum1_factored,ilpd,1480.0,4.0,583.0,10.0,2.0,0.6896551724137931,50.60038208961487
cum1_factored,jm1,1053,0,10885,21,2,0.8176389526871842,675.359457731247
cum1_factored,jm1,1053.0,0.0,10885.0,21.0,2.0,0.8176389526871842,675.359457731247
cum1_factored,jm1,1053,1,10885,21,2,0.8153422140560405,673.5960550308228
cum1_factored,jm1,1053.0,1.0,10885.0,21.0,2.0,0.8153422140560405,673.5960550308228
cum1_factored,jm1,1053,2,10885,21,2,0.8139641708773542,746.2964658737183
cum1_factored,jm1,1053.0,2.0,10885.0,21.0,2.0,0.8139641708773542,746.2964658737183
cum1_factored,jm1,1053,3,10885,21,2,0.8130454754248967,760.0301170349121
cum1_factored,jm1,1053.0,3.0,10885.0,21.0,2.0,0.8130454754248967,760.0301170349121
cum1_factored,jm1,1053,4,10885,21,2,0.8121267799724391,767.7497763633728
cum1_factored,jm1,1053.0,4.0,10885.0,21.0,2.0,0.8121267799724391,767.7497763633728
cum1_factored,kc1,1067,0,2109,21,2,0.8649289099526066,172.41607546806335
cum1_factored,kc1,1067.0,0.0,2109.0,21.0,2.0,0.8649289099526066,172.41607546806335
cum1_factored,kc1,1067,1,2109,21,2,0.8649289099526066,173.90349411964417
cum1_factored,kc1,1067.0,1.0,2109.0,21.0,2.0,0.8649289099526066,173.90349411964417
cum1_factored,kc1,1067,2,2109,21,2,0.8720379146919431,175.23919939994812
cum1_factored,kc1,1067.0,2.0,2109.0,21.0,2.0,0.8720379146919431,175.23919939994812
cum1_factored,kc1,1067,3,2109,21,2,0.8436018957345972,179.03454995155334
cum1_factored,kc1,1067.0,3.0,2109.0,21.0,2.0,0.8436018957345972,179.03454995155334
cum1_factored,kc1,1067,4,2109,21,2,0.8432304038004751,178.06629991531372
cum1_factored,kc1,1067.0,4.0,2109.0,21.0,2.0,0.8432304038004751,178.06629991531372
cum1_factored,kc2,1063,0,522,21,2,0.8,37.03815746307373
cum1_factored,kc2,1063.0,0.0,522.0,21.0,2.0,0.8,37.03815746307373
cum1_factored,kc2,1063,1,522,21,2,0.8761904761904762,37.10041928291321
cum1_factored,kc2,1063.0,1.0,522.0,21.0,2.0,0.8761904761904762,37.10041928291321
cum1_factored,kc2,1063,2,522,21,2,0.8557692307692307,37.34366059303284
cum1_factored,kc2,1063.0,2.0,522.0,21.0,2.0,0.8557692307692307,37.34366059303284
cum1_factored,kc2,1063,3,522,21,2,0.8557692307692307,34.07804322242737
cum1_factored,kc2,1063.0,3.0,522.0,21.0,2.0,0.8557692307692307,34.07804322242737
cum1_factored,kc2,1063,4,522,21,2,0.8173076923076923,34.2642240524292
cum1_factored,kc2,1063.0,4.0,522.0,21.0,2.0,0.8173076923076923,34.2642240524292
cum1_factored,kr-vs-kp,3,0,3196,36,2,0.9921875,410.89134907722473
cum1_factored,kr-vs-kp,3.0,0.0,3196.0,36.0,2.0,0.9921875,410.89134907722473
cum1_factored,kr-vs-kp,3,1,3196,36,2,0.9968701095461658,398.8830235004425
cum1_factored,kr-vs-kp,3.0,1.0,3196.0,36.0,2.0,0.9968701095461658,398.8830235004425
cum1_factored,kr-vs-kp,3,2,3196,36,2,0.9906103286384976,385.2267897129059
cum1_factored,kr-vs-kp,3.0,2.0,3196.0,36.0,2.0,0.9906103286384976,385.2267897129059
cum1_factored,kr-vs-kp,3,3,3196,36,2,0.9921752738654148,395.1557688713074
cum1_factored,kr-vs-kp,3.0,3.0,3196.0,36.0,2.0,0.9921752738654148,395.1557688713074
cum1_factored,kr-vs-kp,3,4,3196,36,2,0.9953051643192488,396.33447885513306
cum1_factored,kr-vs-kp,3.0,4.0,3196.0,36.0,2.0,0.9953051643192488,396.33447885513306
cum1_factored,letter,6,0,20000,16,26,0.95825,440.2165486812592
cum1_factored,letter,6.0,0.0,20000.0,16.0,26.0,0.95825,440.2165486812592
cum1_factored,letter,6,1,20000,16,26,0.96225,1226.6017503738403
cum1_factored,letter,6.0,1.0,20000.0,16.0,26.0,0.96225,1226.6017503738403
cum1_factored,letter,6,2,20000,16,26,0.968,1260.6263902187347
cum1_factored,letter,6.0,2.0,20000.0,16.0,26.0,0.968,1260.6263902187347
cum1_factored,letter,6,3,20000,16,26,0.968,1232.6947393417358
cum1_factored,letter,6.0,3.0,20000.0,16.0,26.0,0.968,1232.6947393417358
cum1_factored,letter,6,4,20000,16,26,0.9695,1333.6454265117643
cum1_factored,letter,6.0,4.0,20000.0,16.0,26.0,0.9695,1333.6454265117643
cum1_factored,madelon,1485,0,2600,500,2,0.4788461538461538,873.7928023338318
cum1_factored,madelon,1485.0,0.0,2600.0,500.0,2.0,0.4788461538461538,873.7928023338318
cum1_factored,madelon,1485,1,2600,500,2,0.5038461538461538,867.1089472770691
cum1_factored,madelon,1485.0,1.0,2600.0,500.0,2.0,0.5038461538461538,867.1089472770691
cum1_factored,madelon,1485,2,2600,500,2,0.5230769230769231,852.1568264961243
cum1_factored,madelon,1485.0,2.0,2600.0,500.0,2.0,0.5230769230769231,852.1568264961243
cum1_factored,madelon,1485,3,2600,500,2,0.5019230769230769,850.3000130653381
cum1_factored,madelon,1485.0,3.0,2600.0,500.0,2.0,0.5019230769230769,850.3000130653381
cum1_factored,madelon,1485,4,2600,500,2,0.5711538461538461,849.9702260494232
cum1_factored,madelon,1485.0,4.0,2600.0,500.0,2.0,0.5711538461538461,849.9702260494232
cum1_factored,mfeat-factors,12,0,2000,216,10,0.9825,211.01114892959595
cum1_factored,mfeat-factors,12.0,0.0,2000.0,216.0,10.0,0.9825,211.01114892959595
cum1_factored,mfeat-factors,12,1,2000,216,10,0.9825,327.21695947647095
cum1_factored,mfeat-factors,12.0,1.0,2000.0,216.0,10.0,0.9825,327.21695947647095
cum1_factored,mfeat-factors,12,2,2000,216,10,0.965,338.46551179885864
cum1_factored,mfeat-factors,12.0,2.0,2000.0,216.0,10.0,0.965,338.46551179885864
cum1_factored,mfeat-factors,12,3,2000,216,10,0.97,351.72376465797424
cum1_factored,mfeat-factors,12.0,3.0,2000.0,216.0,10.0,0.97,351.72376465797424
cum1_factored,mfeat-factors,12,4,2000,216,10,0.9775,345.4904537200928
cum1_factored,mfeat-factors,12.0,4.0,2000.0,216.0,10.0,0.9775,345.4904537200928
cum1_factored,mfeat-fourier,14,0,2000,76,10,0.8175,235.3702344894409
cum1_factored,mfeat-fourier,14.0,0.0,2000.0,76.0,10.0,0.8175,235.3702344894409
cum1_factored,mfeat-fourier,14,1,2000,76,10,0.8075,242.09860253334045
cum1_factored,mfeat-fourier,14.0,1.0,2000.0,76.0,10.0,0.8075,242.09860253334045
cum1_factored,mfeat-fourier,14,2,2000,76,10,0.8125,233.26713514328003
cum1_factored,mfeat-fourier,14.0,2.0,2000.0,76.0,10.0,0.8125,233.26713514328003
cum1_factored,mfeat-fourier,14,3,2000,76,10,0.8175,245.8451855182648
cum1_factored,mfeat-fourier,14.0,3.0,2000.0,76.0,10.0,0.8175,245.8451855182648
cum1_factored,mfeat-fourier,14,4,2000,76,10,0.8475,243.8339490890503
cum1_factored,mfeat-fourier,14.0,4.0,2000.0,76.0,10.0,0.8475,243.8339490890503
cum1_factored,mfeat-karhunen,16,0,2000,64,10,0.9675,203.9226109981537
cum1_factored,mfeat-karhunen,16.0,0.0,2000.0,64.0,10.0,0.9675,203.9226109981537
cum1_factored,mfeat-karhunen,16,1,2000,64,10,0.955,201.90985131263733
cum1_factored,mfeat-karhunen,16.0,1.0,2000.0,64.0,10.0,0.955,201.90985131263733
cum1_factored,mfeat-karhunen,16,2,2000,64,10,0.955,208.820383310318
cum1_factored,mfeat-karhunen,16.0,2.0,2000.0,64.0,10.0,0.955,208.820383310318
cum1_factored,mfeat-karhunen,16,3,2000,64,10,0.9475,207.4659879207611
cum1_factored,mfeat-karhunen,16.0,3.0,2000.0,64.0,10.0,0.9475,207.4659879207611
cum1_factored,mfeat-karhunen,16,4,2000,64,10,0.9575,195.7568414211273
cum1_factored,mfeat-karhunen,16.0,4.0,2000.0,64.0,10.0,0.9575,195.7568414211273
cum1_factored,mfeat-morphological,18,0,2000,6,10,0.77,77.33797216415405
cum1_factored,mfeat-morphological,18.0,0.0,2000.0,6.0,10.0,0.77,77.33797216415405
cum1_factored,mfeat-morphological,18,1,2000,6,10,0.725,66.16138005256653
cum1_factored,mfeat-morphological,18.0,1.0,2000.0,6.0,10.0,0.725,66.16138005256653
cum1_factored,mfeat-morphological,18,2,2000,6,10,0.7425,64.69847178459167
cum1_factored,mfeat-morphological,18.0,2.0,2000.0,6.0,10.0,0.7425,64.69847178459167
cum1_factored,mfeat-morphological,18,3,2000,6,10,0.7475,65.6102249622345
cum1_factored,mfeat-morphological,18.0,3.0,2000.0,6.0,10.0,0.7475,65.6102249622345
cum1_factored,mfeat-morphological,18,4,2000,6,10,0.75,64.9022216796875
cum1_factored,mfeat-morphological,18.0,4.0,2000.0,6.0,10.0,0.75,64.9022216796875
cum1_factored,mfeat-pixel,40979,0,2000,240,10,0.9675,362.700364112854
cum1_factored,mfeat-pixel,40979.0,0.0,2000.0,240.0,10.0,0.9675,362.700364112854
cum1_factored,mfeat-pixel,40979,1,2000,240,10,0.9625,367.5117654800415
cum1_factored,mfeat-pixel,40979.0,1.0,2000.0,240.0,10.0,0.9625,367.5117654800415
cum1_factored,mfeat-pixel,40979,2,2000,240,10,0.9625,364.1827445030213
cum1_factored,mfeat-pixel,40979.0,2.0,2000.0,240.0,10.0,0.9625,364.1827445030213
cum1_factored,mfeat-pixel,40979,3,2000,240,10,0.9625,373.0544881820679
cum1_factored,mfeat-pixel,40979.0,3.0,2000.0,240.0,10.0,0.9625,373.0544881820679
cum1_factored,mfeat-pixel,40979,4,2000,240,10,0.98,364.7477605342865
cum1_factored,mfeat-pixel,40979.0,4.0,2000.0,240.0,10.0,0.98,364.7477605342865
cum1_factored,mfeat-zernike,22,0,2000,47,10,0.8325,193.35091280937195
cum1_factored,mfeat-zernike,22.0,0.0,2000.0,47.0,10.0,0.8325,193.35091280937195
cum1_factored,mfeat-zernike,22,1,2000,47,10,0.84,196.3201713562012
cum1_factored,mfeat-zernike,22.0,1.0,2000.0,47.0,10.0,0.84,196.3201713562012
cum1_factored,mfeat-zernike,22,2,2000,47,10,0.8175,195.822194814682
cum1_factored,mfeat-zernike,22.0,2.0,2000.0,47.0,10.0,0.8175,195.822194814682
cum1_factored,mfeat-zernike,22,3,2000,47,10,0.82,193.485360622406
cum1_factored,mfeat-zernike,22.0,3.0,2000.0,47.0,10.0,0.82,193.485360622406
cum1_factored,mfeat-zernike,22,4,2000,47,10,0.8425,188.2874481678009
cum1_factored,mfeat-zernike,22.0,4.0,2000.0,47.0,10.0,0.8425,188.2874481678009
cum1_factored,mnist_784,554,0,70000,784,10,,442.2139842510224
cum1_factored,mnist_784,554.0,0.0,70000.0,784.0,10.0,,442.2139842510224
cum1_factored,mnist_784,554,1,70000,784,10,,497.83411622047424
cum1_factored,mnist_784,554.0,1.0,70000.0,784.0,10.0,,497.83411622047424
cum1_factored,optdigits,28,0,5620,64,10,0.9830960854092526,570.8464095592499
cum1_factored,optdigits,28.0,0.0,5620.0,64.0,10.0,0.9830960854092526,570.8464095592499
cum1_factored,optdigits,28,1,5620,64,10,0.9795373665480428,553.1651158332825
cum1_factored,optdigits,28.0,1.0,5620.0,64.0,10.0,0.9795373665480428,553.1651158332825
cum1_factored,optdigits,28,2,5620,64,10,0.9759786476868328,534.8894720077515
cum1_factored,optdigits,28.0,2.0,5620.0,64.0,10.0,0.9759786476868328,534.8894720077515
cum1_factored,optdigits,28,3,5620,64,10,0.98220640569395,585.8090829849243
cum1_factored,optdigits,28.0,3.0,5620.0,64.0,10.0,0.98220640569395,585.8090829849243
cum1_factored,optdigits,28,4,5620,64,10,0.9813167259786476,563.7884864807129
cum1_factored,optdigits,28.0,4.0,5620.0,64.0,10.0,0.9813167259786476,563.7884864807129
cum1_factored,ozone-level-8hr,1487,0,2534,72,2,0.9388560157790928,286.3314130306244
cum1_factored,ozone-level-8hr,1487.0,0.0,2534.0,72.0,2.0,0.9388560157790928,286.3314130306244
cum1_factored,ozone-level-8hr,1487,1,2534,72,2,0.930966469428008,288.63715386390686
cum1_factored,ozone-level-8hr,1487.0,1.0,2534.0,72.0,2.0,0.930966469428008,288.63715386390686
cum1_factored,ozone-level-8hr,1487,2,2534,72,2,0.940828402366864,286.13159012794495
cum1_factored,ozone-level-8hr,1487.0,2.0,2534.0,72.0,2.0,0.940828402366864,286.13159012794495
cum1_factored,ozone-level-8hr,1487,3,2534,72,2,0.960552268244576,289.6913149356842
cum1_factored,ozone-level-8hr,1487.0,3.0,2534.0,72.0,2.0,0.960552268244576,289.6913149356842
cum1_factored,ozone-level-8hr,1487,4,2534,72,2,0.9347826086956522,288.46873903274536
cum1_factored,ozone-level-8hr,1487.0,4.0,2534.0,72.0,2.0,0.9347826086956522,288.46873903274536
cum1_factored,pc1,1068,0,1109,21,2,0.9414414414414416,106.91493201255798
cum1_factored,pc1,1068.0,0.0,1109.0,21.0,2.0,0.9414414414414416,106.91493201255798
cum1_factored,pc1,1068,1,1109,21,2,0.9324324324324323,106.21983242034912
cum1_factored,pc1,1068.0,1.0,1109.0,21.0,2.0,0.9324324324324323,106.21983242034912
cum1_factored,pc1,1068,2,1109,21,2,0.9234234234234234,96.23472476005554
cum1_factored,pc1,1068.0,2.0,1109.0,21.0,2.0,0.9234234234234234,96.23472476005554
cum1_factored,pc1,1068,3,1109,21,2,0.9324324324324323,99.20687437057497
cum1_factored,pc1,1068.0,3.0,1109.0,21.0,2.0,0.9324324324324323,99.20687437057497
cum1_factored,pc1,1068,4,1109,21,2,0.9230769230769232,100.923362493515
cum1_factored,pc1,1068.0,4.0,1109.0,21.0,2.0,0.9230769230769232,100.923362493515
cum1_factored,pc3,1050,0,1563,37,2,0.8945686900958466,148.50786185264587
cum1_factored,pc3,1050.0,0.0,1563.0,37.0,2.0,0.8945686900958466,148.50786185264587
cum1_factored,pc3,1050,1,1563,37,2,0.8977635782747604,157.80478739738464
cum1_factored,pc3,1050.0,1.0,1563.0,37.0,2.0,0.8977635782747604,157.80478739738464
cum1_factored,pc3,1050,2,1563,37,2,0.9041533546325878,156.15794229507446
cum1_factored,pc3,1050.0,2.0,1563.0,37.0,2.0,0.9041533546325878,156.15794229507446
cum1_factored,pc3,1050,3,1563,37,2,0.8878205128205128,159.07926321029663
cum1_factored,pc3,1050.0,3.0,1563.0,37.0,2.0,0.8878205128205128,159.07926321029663
cum1_factored,pc3,1050,4,1563,37,2,0.8974358974358975,159.77927470207214
cum1_factored,pc3,1050.0,4.0,1563.0,37.0,2.0,0.8974358974358975,159.77927470207214
cum1_factored,pc4,1049,0,1458,37,2,0.886986301369863,143.5297589302063
cum1_factored,pc4,1049.0,0.0,1458.0,37.0,2.0,0.886986301369863,143.5297589302063
cum1_factored,pc4,1049,1,1458,37,2,0.910958904109589,144.80114436149597
cum1_factored,pc4,1049.0,1.0,1458.0,37.0,2.0,0.910958904109589,144.80114436149597
cum1_factored,pc4,1049,2,1458,37,2,0.8938356164383562,138.50238728523254
cum1_factored,pc4,1049.0,2.0,1458.0,37.0,2.0,0.8938356164383562,138.50238728523254
cum1_factored,pc4,1049,3,1458,37,2,0.8831615120274914,131.06006693840027
cum1_factored,pc4,1049.0,3.0,1458.0,37.0,2.0,0.8831615120274914,131.06006693840027
cum1_factored,pc4,1049,4,1458,37,2,0.9209621993127148,128.07243514060974
cum1_factored,pc4,1049.0,4.0,1458.0,37.0,2.0,0.9209621993127148,128.07243514060974
cum1_factored,pendigits,32,0,10992,16,10,0.990450204638472,770.0276579856873
cum1_factored,pendigits,32.0,0.0,10992.0,16.0,10.0,0.990450204638472,770.0276579856873
cum1_factored,pendigits,32,1,10992,16,10,0.9945429740791268,818.1818780899048
cum1_factored,pendigits,32.0,1.0,10992.0,16.0,10.0,0.9945429740791268,818.1818780899048
cum1_factored,pendigits,32,2,10992,16,10,0.9940855323020928,753.3966755867004
cum1_factored,pendigits,32.0,2.0,10992.0,16.0,10.0,0.9940855323020928,753.3966755867004
cum1_factored,pendigits,32,3,10992,16,10,0.994540491355778,763.3328475952148
cum1_factored,pendigits,32.0,3.0,10992.0,16.0,10.0,0.994540491355778,763.3328475952148
cum1_factored,pendigits,32,4,10992,16,10,0.991810737033667,729.8291463851929
cum1_factored,pendigits,32.0,4.0,10992.0,16.0,10.0,0.991810737033667,729.8291463851929
cum1_factored,phoneme,1489,0,5404,5,2,0.883441258094357,377.3758523464203
cum1_factored,phoneme,1489.0,0.0,5404.0,5.0,2.0,0.883441258094357,377.3758523464203
cum1_factored,phoneme,1489,1,5404,5,2,0.877890841813136,386.4874279499054
cum1_factored,phoneme,1489.0,1.0,5404.0,5.0,2.0,0.877890841813136,386.4874279499054
cum1_factored,phoneme,1489,2,5404,5,2,0.8862164662349676,402.4478585720062
cum1_factored,phoneme,1489.0,2.0,5404.0,5.0,2.0,0.8862164662349676,402.4478585720062
cum1_factored,phoneme,1489,3,5404,5,2,0.8963922294172063,402.7987744808197
cum1_factored,phoneme,1489.0,3.0,5404.0,5.0,2.0,0.8963922294172063,402.7987744808197
cum1_factored,phoneme,1489,4,5404,5,2,0.8888888888888888,395.3445587158203
cum1_factored,phoneme,1489.0,4.0,5404.0,5.0,2.0,0.8888888888888888,395.3445587158203
cum1_factored,qsar-biodeg,1494,0,1055,41,2,0.8625592417061612,107.93957090377808
cum1_factored,qsar-biodeg,1494.0,0.0,1055.0,41.0,2.0,0.8625592417061612,107.93957090377808
cum1_factored,qsar-biodeg,1494,1,1055,41,2,0.8625592417061612,112.804368019104
cum1_factored,qsar-biodeg,1494.0,1.0,1055.0,41.0,2.0,0.8625592417061612,112.804368019104
cum1_factored,qsar-biodeg,1494,2,1055,41,2,0.8815165876777251,111.66474795341492
cum1_factored,qsar-biodeg,1494.0,2.0,1055.0,41.0,2.0,0.8815165876777251,111.66474795341492
cum1_factored,qsar-biodeg,1494,3,1055,41,2,0.8909952606635071,110.16541600227356
cum1_factored,qsar-biodeg,1494.0,3.0,1055.0,41.0,2.0,0.8909952606635071,110.16541600227356
cum1_factored,qsar-biodeg,1494,4,1055,41,2,0.8815165876777251,111.0367579460144
cum1_factored,qsar-biodeg,1494.0,4.0,1055.0,41.0,2.0,0.8815165876777251,111.0367579460144
cum1_factored,satimage,182,0,6430,36,6,0.9129082426127528,554.463401556015
cum1_factored,satimage,182.0,0.0,6430.0,36.0,6.0,0.9129082426127528,554.463401556015
cum1_factored,satimage,182,1,6430,36,6,0.9074650077760498,555.5861465930939
cum1_factored,satimage,182.0,1.0,6430.0,36.0,6.0,0.9074650077760498,555.5861465930939
cum1_factored,satimage,182,2,6430,36,6,0.917573872472784,568.4954228401184
cum1_factored,satimage,182.0,2.0,6430.0,36.0,6.0,0.917573872472784,568.4954228401184
cum1_factored,satimage,182,3,6430,36,6,0.9183514774494556,552.6464817523956
cum1_factored,satimage,182.0,3.0,6430.0,36.0,6.0,0.9183514774494556,552.6464817523956
cum1_factored,satimage,182,4,6430,36,6,0.9183514774494556,539.8501994609833
cum1_factored,satimage,182.0,4.0,6430.0,36.0,6.0,0.9183514774494556,539.8501994609833
cum1_factored,segment,40984,0,2310,16,7,0.9177489177489178,182.57016706466675
cum1_factored,segment,40984.0,0.0,2310.0,16.0,7.0,0.9177489177489178,182.57016706466675
cum1_factored,segment,40984,1,2310,16,7,0.9177489177489178,176.88956570625305
cum1_factored,segment,40984.0,1.0,2310.0,16.0,7.0,0.9177489177489178,176.88956570625305
cum1_factored,segment,40984,2,2310,16,7,0.922077922077922,196.710351228714
cum1_factored,segment,40984.0,2.0,2310.0,16.0,7.0,0.922077922077922,196.710351228714
cum1_factored,segment,40984,3,2310,16,7,0.9264069264069263,201.8453598022461
cum1_factored,segment,40984.0,3.0,2310.0,16.0,7.0,0.9264069264069263,201.8453598022461
cum1_factored,segment,40984,4,2310,16,7,0.9415584415584416,196.62291145324707
cum1_factored,segment,40984.0,4.0,2310.0,16.0,7.0,0.9415584415584416,196.62291145324707
cum1_factored,semeion,1501,0,1593,256,10,0.9122257053291536,320.4789788722992
cum1_factored,semeion,1501.0,0.0,1593.0,256.0,10.0,0.9122257053291536,320.4789788722992
cum1_factored,semeion,1501,1,1593,256,10,0.9184952978056428,315.7881643772125
cum1_factored,semeion,1501.0,1.0,1593.0,256.0,10.0,0.9184952978056428,315.7881643772125
cum1_factored,semeion,1501,2,1593,256,10,0.9373040752351096,314.72242498397827
cum1_factored,semeion,1501.0,2.0,1593.0,256.0,10.0,0.9373040752351096,314.72242498397827
cum1_factored,semeion,1501,3,1593,256,10,0.9339622641509434,310.2357165813446
cum1_factored,semeion,1501.0,3.0,1593.0,256.0,10.0,0.9339622641509434,310.2357165813446
cum1_factored,semeion,1501,4,1593,256,10,0.9371069182389936,301.8875095844269
cum1_factored,semeion,1501.0,4.0,1593.0,256.0,10.0,0.9371069182389936,301.8875095844269
cum1_factored,sick,38,0,3772,28,2,,0.0943541526794433
cum1_factored,sick,38.0,0.0,3772.0,28.0,2.0,0.9854304635761588,242.34149169921875
cum1_factored,sick,38,1,3772,28,2,,0.0681028366088867
cum1_factored,sick,38.0,1.0,3772.0,28.0,2.0,0.9827814569536424,260.96549820899963
cum1_factored,sick,38,2,3772,28,2,,0.0602948665618896
cum1_factored,sick,38.0,2.0,3772.0,28.0,2.0,0.9880636604774536,239.7155289649964
cum1_factored,sick,38,3,3772,28,2,,0.0671453475952148
cum1_factored,sick,38.0,3.0,3772.0,28.0,2.0,0.9814323607427056,241.2399981021881
cum1_factored,sick,38,4,3772,28,2,,0.0720264911651611
cum1_factored,sick,38.0,4.0,3772.0,28.0,2.0,0.9854111405835544,402.3395335674286
cum1_factored,spambase,44,0,4601,57,2,0.9315960912052116,403.9734575748444
cum1_factored,spambase,44.0,0.0,4601.0,57.0,2.0,0.9315960912052116,403.9734575748444
cum1_factored,spambase,44,1,4601,57,2,0.9445652173913044,419.60862493515015
cum1_factored,spambase,44.0,1.0,4601.0,57.0,2.0,0.9445652173913044,419.60862493515015
cum1_factored,spambase,44,2,4601,57,2,0.9434782608695652,440.8988621234894
cum1_factored,spambase,44.0,2.0,4601.0,57.0,2.0,0.9434782608695652,440.8988621234894
cum1_factored,spambase,44,3,4601,57,2,0.9282608695652174,449.7269575595856
cum1_factored,spambase,44.0,3.0,4601.0,57.0,2.0,0.9282608695652174,449.7269575595856
cum1_factored,spambase,44,4,4601,57,2,0.9282608695652174,447.7847316265106
cum1_factored,spambase,44.0,4.0,4601.0,57.0,2.0,0.9282608695652174,447.7847316265106
cum1_factored,splice,46,0,3190,60,3,0.9216300940438872,449.3254806995392
cum1_factored,splice,46.0,0.0,3190.0,60.0,3.0,0.9216300940438872,449.3254806995392
cum1_factored,splice,46,1,3190,60,3,0.9404388714733544,471.0054166316986
cum1_factored,splice,46.0,1.0,3190.0,60.0,3.0,0.9404388714733544,471.0054166316986
cum1_factored,splice,46,2,3190,60,3,0.926332288401254,453.9559407234192
cum1_factored,splice,46.0,2.0,3190.0,60.0,3.0,0.926332288401254,453.9559407234192
cum1_factored,splice,46,3,3190,60,3,0.938871473354232,431.5181455612183
cum1_factored,splice,46.0,3.0,3190.0,60.0,3.0,0.938871473354232,431.5181455612183
cum1_factored,splice,46,4,3190,60,3,0.9231974921630094,464.6335337162018
cum1_factored,splice,46.0,4.0,3190.0,60.0,3.0,0.9231974921630094,464.6335337162018
cum1_factored,steel-plates-fault,40982,0,1941,27,7,0.7429305912596401,78.39462065696716
cum1_factored,steel-plates-fault,40982.0,0.0,1941.0,27.0,7.0,0.7429305912596401,78.39462065696716
cum1_factored,steel-plates-fault,40982,1,1941,27,7,0.7422680412371134,86.89612627029419
cum1_factored,steel-plates-fault,40982.0,1.0,1941.0,27.0,7.0,0.7422680412371134,86.89612627029419
cum1_factored,steel-plates-fault,40982,2,1941,27,7,0.7474226804123711,92.93110251426695
cum1_factored,steel-plates-fault,40982.0,2.0,1941.0,27.0,7.0,0.7474226804123711,92.93110251426695
cum1_factored,steel-plates-fault,40982,3,1941,27,7,0.7809278350515464,90.9166624546051
cum1_factored,steel-plates-fault,40982.0,3.0,1941.0,27.0,7.0,0.7809278350515464,90.9166624546051
cum1_factored,steel-plates-fault,40982,4,1941,27,7,0.7654639175257731,91.03750705718994
cum1_factored,steel-plates-fault,40982.0,4.0,1941.0,27.0,7.0,0.7654639175257731,91.03750705718994
cum1_factored,texture,40499,0,5500,40,11,0.9963636363636365,526.427574634552
cum1_factored,texture,40499.0,0.0,5500.0,40.0,11.0,0.9963636363636365,526.427574634552
cum1_factored,texture,40499,1,5500,40,11,0.9963636363636365,496.6371517181397
cum1_factored,texture,40499.0,1.0,5500.0,40.0,11.0,0.9963636363636365,496.6371517181397
cum1_factored,texture,40499,2,5500,40,11,0.9972727272727272,507.9903733730316
cum1_factored,texture,40499.0,2.0,5500.0,40.0,11.0,0.9972727272727272,507.9903733730316
cum1_factored,texture,40499,3,5500,40,11,0.9963636363636365,472.7502579689026
cum1_factored,texture,40499.0,3.0,5500.0,40.0,11.0,0.9963636363636365,472.7502579689026
cum1_factored,texture,40499,4,5500,40,11,0.9990909090909093,477.4404237270355
cum1_factored,texture,40499.0,4.0,5500.0,40.0,11.0,0.9990909090909093,477.4404237270355
cum1_factored,tic-tac-toe,50,0,958,9,2,0.984375,84.74825835227966
cum1_factored,tic-tac-toe,50.0,0.0,958.0,9.0,2.0,0.984375,84.74825835227966
cum1_factored,tic-tac-toe,50,1,958,9,2,0.9895833333333334,90.38299560546876
cum1_factored,tic-tac-toe,50.0,1.0,958.0,9.0,2.0,0.9895833333333334,90.38299560546876
cum1_factored,tic-tac-toe,50,2,958,9,2,0.984375,86.53297901153564
cum1_factored,tic-tac-toe,50.0,2.0,958.0,9.0,2.0,0.984375,86.53297901153564
cum1_factored,tic-tac-toe,50,3,958,9,2,0.9738219895287958,88.22626733779907
cum1_factored,tic-tac-toe,50.0,3.0,958.0,9.0,2.0,0.9738219895287958,88.22626733779907
cum1_factored,tic-tac-toe,50,4,958,9,2,0.9685863874345548,87.38234043121338
cum1_factored,tic-tac-toe,50.0,4.0,958.0,9.0,2.0,0.9685863874345548,87.38234043121338
cum1_factored,vehicle,54,0,846,18,4,0.8941176470588236,66.21613335609436
cum1_factored,vehicle,54.0,0.0,846.0,18.0,4.0,0.8941176470588236,66.21613335609436
cum1_factored,vehicle,54,1,846,18,4,0.7928994082840237,63.71946597099304
cum1_factored,vehicle,54.0,1.0,846.0,18.0,4.0,0.7928994082840237,63.71946597099304
cum1_factored,vehicle,54,2,846,18,4,0.7928994082840237,64.05637121200562
cum1_factored,vehicle,54.0,2.0,846.0,18.0,4.0,0.7928994082840237,64.05637121200562
cum1_factored,vehicle,54,3,846,18,4,0.8165680473372781,63.98274898529053
cum1_factored,vehicle,54.0,3.0,846.0,18.0,4.0,0.8165680473372781,63.98274898529053
cum1_factored,vehicle,54,4,846,18,4,0.8284023668639053,66.7529366016388
cum1_factored,vehicle,54.0,4.0,846.0,18.0,4.0,0.8284023668639053,66.7529366016388
cum1_factored,vowel,307,0,990,12,11,0.9696969696969696,96.071852684021
cum1_factored,vowel,307.0,0.0,990.0,12.0,11.0,0.9696969696969696,96.071852684021
cum1_factored,vowel,307,1,990,12,11,0.9797979797979798,98.55508637428284
cum1_factored,vowel,307.0,1.0,990.0,12.0,11.0,0.9797979797979798,98.55508637428284
cum1_factored,vowel,307,2,990,12,11,0.98989898989899,99.6287395954132
cum1_factored,vowel,307.0,2.0,990.0,12.0,11.0,0.98989898989899,99.6287395954132
cum1_factored,vowel,307,3,990,12,11,0.9646464646464646,95.06879925727844
cum1_factored,vowel,307.0,3.0,990.0,12.0,11.0,0.9646464646464646,95.06879925727844
cum1_factored,vowel,307,4,990,12,11,0.9646464646464646,97.97905039787292
cum1_factored,vowel,307.0,4.0,990.0,12.0,11.0,0.9646464646464646,97.97905039787292
cum1_factored,wall-robot-navigation,1497,0,5456,24,4,0.9615384615384616,441.7255773544312
cum1_factored,wall-robot-navigation,1497.0,0.0,5456.0,24.0,4.0,0.9615384615384616,441.7255773544312
cum1_factored,wall-robot-navigation,1497,1,5456,24,4,0.9523373052245646,441.7365064620972
cum1_factored,wall-robot-navigation,1497.0,1.0,5456.0,24.0,4.0,0.9523373052245646,441.7365064620972
cum1_factored,wall-robot-navigation,1497,2,5456,24,4,0.9679193400549956,459.52532482147217
cum1_factored,wall-robot-navigation,1497.0,2.0,5456.0,24.0,4.0,0.9679193400549956,459.52532482147217
cum1_factored,wall-robot-navigation,1497,3,5456,24,4,0.9670027497708524,456.41292810440063
cum1_factored,wall-robot-navigation,1497.0,3.0,5456.0,24.0,4.0,0.9670027497708524,456.41292810440063
cum1_factored,wall-robot-navigation,1497,4,5456,24,4,0.9523373052245646,457.6627354621887
cum1_factored,wall-robot-navigation,1497.0,4.0,5456.0,24.0,4.0,0.9523373052245646,457.6627354621887
cum1_factored,wdbc,1510,0,569,30,2,0.9912280701754386,56.26850342750549
cum1_factored,wdbc,1510.0,0.0,569.0,30.0,2.0,0.9912280701754386,56.26850342750549
cum1_factored,wdbc,1510,1,569,30,2,0.9210526315789472,53.79610395431519
cum1_factored,wdbc,1510.0,1.0,569.0,30.0,2.0,0.9210526315789472,53.79610395431519
cum1_factored,wdbc,1510,2,569,30,2,0.956140350877193,53.16809558868408
cum1_factored,wdbc,1510.0,2.0,569.0,30.0,2.0,0.956140350877193,53.16809558868408
cum1_factored,wdbc,1510,3,569,30,2,0.9649122807017544,51.445619106292725
cum1_factored,wdbc,1510.0,3.0,569.0,30.0,2.0,0.9649122807017544,51.445619106292725
cum1_factored,wdbc,1510,4,569,30,2,0.9823008849557522,52.27877402305603
cum1_factored,wdbc,1510.0,4.0,569.0,30.0,2.0,0.9823008849557522,52.27877402305603
cum1_factored,wilt,40983,0,4839,5,2,0.9896694214876032,354.69523763656616
cum1_factored,wilt,40983.0,0.0,4839.0,5.0,2.0,0.9896694214876032,354.69523763656616
cum1_factored,wilt,40983,1,4839,5,2,0.9886363636363636,345.2334077358246
cum1_factored,wilt,40983.0,1.0,4839.0,5.0,2.0,0.9886363636363636,345.2334077358246
cum1_factored,wilt,40983,2,4839,5,2,0.9855371900826446,361.9839234352112
cum1_factored,wilt,40983.0,2.0,4839.0,5.0,2.0,0.9855371900826446,361.9839234352112
cum1_factored,wilt,40983,3,4839,5,2,0.9865702479338844,339.6512746810913
cum1_factored,wilt,40983.0,3.0,4839.0,5.0,2.0,0.9865702479338844,339.6512746810913
cum1_factored,wilt,40983,4,4839,5,2,0.9855222337125128,354.1191251277924
cum1_factored,wilt,40983.0,4.0,4839.0,5.0,2.0,0.9855222337125128,354.1191251277924
dim4_multi2,CIFAR_10,40927.0,0.0,60000.0,3072.0,10.0,,865.2773132324219
dim4_multi2,CIFAR_10,40927.0,1.0,60000.0,3072.0,10.0,,877.7493093013763
dim4_multi2,CIFAR_10,40927.0,2.0,60000.0,3072.0,10.0,,874.7027533054352
dim4_multi2,CIFAR_10,40927.0,3.0,60000.0,3072.0,10.0,,872.8325247764587
dim4_multi2,CIFAR_10,40927.0,4.0,60000.0,3072.0,10.0,,895.1938610076904
dim4_multi2,GesturePhaseSegmentationProcessed,4538.0,0.0,9873.0,32.0,5.0,0.5508860759493671,541.5425283908844
dim4_multi2,GesturePhaseSegmentationProcessed,4538.0,1.0,9873.0,32.0,5.0,0.5508860759493671,559.3076858520508
dim4_multi2,GesturePhaseSegmentationProcessed,4538.0,2.0,9873.0,32.0,5.0,0.549367088607595,567.4195110797882
dim4_multi2,GesturePhaseSegmentationProcessed,4538.0,3.0,9873.0,32.0,5.0,0.5643363728470111,540.0393710136414
dim4_multi2,GesturePhaseSegmentationProcessed,4538.0,4.0,9873.0,32.0,5.0,0.5455927051671733,542.4629807472229
dim4_multi2,MiceProtein,40966.0,0.0,1080.0,77.0,8.0,0.976851851851852,87.2989091873169
dim4_multi2,MiceProtein,40966.0,1.0,1080.0,77.0,8.0,0.9861111111111112,87.89181900024414
dim4_multi2,MiceProtein,40966.0,2.0,1080.0,77.0,8.0,1.0,87.34302043914795
dim4_multi2,MiceProtein,40966.0,3.0,1080.0,77.0,8.0,0.9861111111111112,85.89645171165466
dim4_multi2,MiceProtein,40966.0,4.0,1080.0,77.0,8.0,0.9814814814814816,100.44466304779051
dim4_multi2,PhishingWebsites,4534.0,0.0,11055.0,30.0,2.0,0.9647218453188604,1337.9741854667664
dim4_multi2,PhishingWebsites,4534.0,1.0,11055.0,30.0,2.0,0.9588421528720036,1282.1066150665283
dim4_multi2,PhishingWebsites,4534.0,2.0,11055.0,30.0,2.0,0.9656264133876076,1213.6704623699188
dim4_multi2,PhishingWebsites,4534.0,3.0,11055.0,30.0,2.0,0.9665309814563546,1157.1479496955872
dim4_multi2,PhishingWebsites,4534.0,4.0,11055.0,30.0,2.0,0.9570330167345092,1178.0871398448944
dim4_multi2,adult,1590.0,0.0,48842.0,14.0,2.0,0.8580202681953117,2082.803557872772
dim4_multi2,adult,1590.0,1.0,48842.0,14.0,2.0,0.8632408639574163,2014.4877290725708
dim4_multi2,adult,1590.0,2.0,48842.0,14.0,2.0,0.8566748566748567,2090.2684605121613
dim4_multi2,adult,1590.0,3.0,48842.0,14.0,2.0,0.8598484848484849,1910.0775949954989
dim4_multi2,adult,1590.0,4.0,48842.0,14.0,2.0,0.8578009828009828,1892.485512495041
dim4_multi2,analcatdata_authorship,458.0,0.0,841.0,70.0,4.0,0.9881656804733728,100.96297335624696
dim4_multi2,analcatdata_authorship,458.0,1.0,841.0,70.0,4.0,0.9940476190476192,100.79913687705994
dim4_multi2,analcatdata_authorship,458.0,2.0,841.0,70.0,4.0,1.0,91.802743434906
dim4_multi2,analcatdata_authorship,458.0,3.0,841.0,70.0,4.0,0.9761904761904762,99.78452491760254
dim4_multi2,analcatdata_authorship,458.0,4.0,841.0,70.0,4.0,0.9940476190476192,106.17618441581726
dim4_multi2,analcatdata_dmft,469.0,0.0,797.0,4.0,6.0,0.1625,70.46338081359863
dim4_multi2,analcatdata_dmft,469.0,1.0,797.0,4.0,6.0,0.20625,69.13322901725769
dim4_multi2,analcatdata_dmft,469.0,2.0,797.0,4.0,6.0,0.1698113207547169,69.69159364700317
dim4_multi2,analcatdata_dmft,469.0,3.0,797.0,4.0,6.0,0.2515723270440251,64.65885615348816
dim4_multi2,analcatdata_dmft,469.0,4.0,797.0,4.0,6.0,0.1761006289308176,69.26577377319336
dim4_multi2,balance-scale,11.0,0.0,625.0,4.0,3.0,0.992,47.40633201599121
dim4_multi2,balance-scale,11.0,1.0,625.0,4.0,3.0,0.992,45.697888135910034
dim4_multi2,balance-scale,11.0,2.0,625.0,4.0,3.0,0.928,43.78964614868164
dim4_multi2,balance-scale,11.0,3.0,625.0,4.0,3.0,0.992,46.719061851501465
dim4_multi2,balance-scale,11.0,4.0,625.0,4.0,3.0,0.984,44.35862898826599
dim4_multi2,bank-marketing,1461.0,0.0,45211.0,16.0,2.0,0.9115337830366028,1820.400823354721
dim4_multi2,bank-marketing,1461.0,1.0,45211.0,16.0,2.0,0.907100199071002,1797.8384807109833
dim4_multi2,bank-marketing,1461.0,2.0,45211.0,16.0,2.0,0.9086485290864852,1768.8570873737335
dim4_multi2,bank-marketing,1461.0,3.0,45211.0,16.0,2.0,0.911413404114134,1786.6062796115875
dim4_multi2,bank-marketing,1461.0,4.0,45211.0,16.0,2.0,0.9080955540809555,1876.502729654312
dim4_multi2,banknote-authentication,1462.0,0.0,1372.0,4.0,2.0,1.0,93.02557635307312
dim4_multi2,banknote-authentication,1462.0,1.0,1372.0,4.0,2.0,1.0,110.3428511619568
dim4_multi2,banknote-authentication,1462.0,2.0,1372.0,4.0,2.0,1.0,105.65796780586244
dim4_multi2,banknote-authentication,1462.0,3.0,1372.0,4.0,2.0,1.0,114.1559591293335
dim4_multi2,banknote-authentication,1462.0,4.0,1372.0,4.0,2.0,1.0,114.90506720542908
dim4_multi2,blood-transfusion-service-center,1464.0,0.0,748.0,4.0,2.0,0.7866666666666666,57.49856305122376
dim4_multi2,blood-transfusion-service-center,1464.0,1.0,748.0,4.0,2.0,0.8066666666666666,58.58316206932068
dim4_multi2,blood-transfusion-service-center,1464.0,2.0,748.0,4.0,2.0,0.7933333333333333,55.77898979187012
dim4_multi2,blood-transfusion-service-center,1464.0,3.0,748.0,4.0,2.0,0.7718120805369127,61.779563903808594
dim4_multi2,blood-transfusion-service-center,1464.0,4.0,748.0,4.0,2.0,0.7919463087248322,63.556946754455566
dim4_multi2,breast-w,15.0,0.0,699.0,9.0,2.0,0.9928571428571428,54.23704147338867
dim4_multi2,breast-w,15.0,1.0,699.0,9.0,2.0,0.95,56.774752140045166
dim4_multi2,breast-w,15.0,2.0,699.0,9.0,2.0,0.9714285714285714,55.57646679878235
dim4_multi2,breast-w,15.0,3.0,699.0,9.0,2.0,0.9571428571428572,51.91577386856079
dim4_multi2,breast-w,15.0,4.0,699.0,9.0,2.0,0.9640287769784172,55.02484679222107
dim4_multi2,car,40975.0,0.0,1728.0,6.0,4.0,0.9971098265895952,174.88397097587583
dim4_multi2,car,40975.0,1.0,1728.0,6.0,4.0,1.0,163.24015355110168
dim4_multi2,car,40975.0,2.0,1728.0,6.0,4.0,0.9971098265895952,170.8791778087616
dim4_multi2,car,40975.0,3.0,1728.0,6.0,4.0,1.0,172.8252203464508
dim4_multi2,car,40975.0,4.0,1728.0,6.0,4.0,0.9942028985507246,172.9119689464569
dim4_multi2,churn,40701.0,0.0,5000.0,20.0,2.0,0.955,426.5742809772492
dim4_multi2,churn,40701.0,1.0,5000.0,20.0,2.0,0.96,429.5251293182373
dim4_multi2,churn,40701.0,2.0,5000.0,20.0,2.0,0.967,432.2376794815064
dim4_multi2,churn,40701.0,3.0,5000.0,20.0,2.0,0.961,427.5880498886109
dim4_multi2,churn,40701.0,4.0,5000.0,20.0,2.0,0.955,440.0770525932312
dim4_multi2,climate-model-simulation-crashes,40994.0,0.0,540.0,18.0,2.0,0.9537037037037036,32.77006268501282
dim4_multi2,climate-model-simulation-crashes,40994.0,1.0,540.0,18.0,2.0,0.9629629629629628,33.04053211212158
dim4_multi2,climate-model-simulation-crashes,40994.0,2.0,540.0,18.0,2.0,0.925925925925926,33.27064871788025
dim4_multi2,climate-model-simulation-crashes,40994.0,3.0,540.0,18.0,2.0,0.9444444444444444,34.152661085128784
dim4_multi2,climate-model-simulation-crashes,40994.0,4.0,540.0,18.0,2.0,0.925925925925926,33.56918787956238
dim4_multi2,cmc,23.0,0.0,1473.0,9.0,3.0,0.5694915254237288,145.03959584236145
dim4_multi2,cmc,23.0,1.0,1473.0,9.0,3.0,0.5661016949152542,143.13886761665344
dim4_multi2,cmc,23.0,2.0,1473.0,9.0,3.0,0.5220338983050847,137.30310320854187
dim4_multi2,cmc,23.0,3.0,1473.0,9.0,3.0,0.54421768707483,146.17897176742554
dim4_multi2,cmc,23.0,4.0,1473.0,9.0,3.0,0.5238095238095238,139.38524889945984
dim4_multi2,cnae-9,1468.0,0.0,1080.0,856.0,9.0,0.1111111111111111,515.3142101764679
dim4_multi2,connect-4,40668.0,0.0,67557.0,42.0,3.0,,3599.0159409046173
dim4_multi2,connect-4,40668.0,1.0,67557.0,42.0,3.0,,3599.24436879158
dim4_multi2,connect-4,40668.0,2.0,67557.0,42.0,3.0,,3599.235301733017
dim4_multi2,connect-4,40668.0,3.0,67557.0,42.0,3.0,,3599.3295950889587
dim4_multi2,credit-approval,29.0,0.0,690.0,15.0,2.0,0.8260869565217391,56.151944398880005
dim4_multi2,credit-approval,29.0,1.0,690.0,15.0,2.0,0.7898550724637681,54.53894257545471
dim4_multi2,credit-approval,29.0,2.0,690.0,15.0,2.0,0.8985507246376812,55.47730135917664
dim4_multi2,credit-approval,29.0,3.0,690.0,15.0,2.0,0.8333333333333334,55.01072525978088
dim4_multi2,credit-approval,29.0,4.0,690.0,15.0,2.0,0.8695652173913043,55.048203229904175
dim4_multi2,credit-g,31.0,0.0,1000.0,20.0,2.0,0.715,99.15623879432678
dim4_multi2,credit-g,31.0,1.0,1000.0,20.0,2.0,0.675,70.3616361618042
dim4_multi2,credit-g,31.0,2.0,1000.0,20.0,2.0,0.69,68.59425449371338
dim4_multi2,credit-g,31.0,3.0,1000.0,20.0,2.0,0.725,68.2224280834198
dim4_multi2,credit-g,31.0,4.0,1000.0,20.0,2.0,0.73,67.14234447479248
dim4_multi2,cylinder-bands,6332.0,0.0,540.0,37.0,2.0,0.5833333333333334,42.14175343513489
dim4_multi2,cylinder-bands,6332.0,1.0,540.0,37.0,2.0,0.7407407407407407,42.6960129737854
dim4_multi2,cylinder-bands,6332.0,2.0,540.0,37.0,2.0,0.8240740740740741,42.91522765159607
dim4_multi2,cylinder-bands,6332.0,3.0,540.0,37.0,2.0,0.7222222222222222,42.203959941864014
dim4_multi2,cylinder-bands,6332.0,4.0,540.0,37.0,2.0,0.6666666666666666,42.106895208358765
dim4_multi2,diabetes,37.0,0.0,768.0,8.0,2.0,0.7727272727272727,59.41143250465393
dim4_multi2,diabetes,37.0,1.0,768.0,8.0,2.0,0.8051948051948052,62.36583399772644
dim4_multi2,diabetes,37.0,2.0,768.0,8.0,2.0,0.7727272727272727,68.56059169769287
dim4_multi2,diabetes,37.0,3.0,768.0,8.0,2.0,0.7647058823529411,70.53074026107788
dim4_multi2,diabetes,37.0,4.0,768.0,8.0,2.0,0.7581699346405228,71.08909296989441
dim4_multi2,dna,40670.0,0.0,3186.0,180.0,3.0,0.926332288401254,744.9065403938293
dim4_multi2,dna,40670.0,1.0,3186.0,180.0,3.0,0.902668759811617,764.320041179657
dim4_multi2,dna,40670.0,2.0,3186.0,180.0,3.0,0.9387755102040816,854.8867626190186
dim4_multi2,dna,40670.0,3.0,3186.0,180.0,3.0,0.9089481946624804,787.4169352054596
dim4_multi2,dna,40670.0,4.0,3186.0,180.0,3.0,0.9262166405023547,878.4135038852692
dim4_multi2,dresses-sales,23381.0,0.0,500.0,12.0,2.0,0.63,35.40535068511963
dim4_multi2,dresses-sales,23381.0,1.0,500.0,12.0,2.0,0.58,32.75061774253845
dim4_multi2,dresses-sales,23381.0,2.0,500.0,12.0,2.0,0.63,32.79027605056763
dim4_multi2,dresses-sales,23381.0,3.0,500.0,12.0,2.0,0.64,33.066301107406616
dim4_multi2,dresses-sales,23381.0,4.0,500.0,12.0,2.0,0.63,32.89425015449524
dim4_multi2,electricity,151.0,0.0,45312.0,8.0,2.0,0.8594284453271543,1752.8681178092957
dim4_multi2,electricity,151.0,1.0,45312.0,8.0,2.0,0.8682555445216815,1721.253300666809
dim4_multi2,electricity,151.0,2.0,45312.0,8.0,2.0,0.8577576693886559,1733.7480819225311
dim4_multi2,electricity,151.0,3.0,45312.0,8.0,2.0,0.858309423968219,1853.005527496338
dim4_multi2,electricity,151.0,4.0,45312.0,8.0,2.0,0.8671374972412271,1823.6403555870056
dim4_multi2,eucalyptus,188.0,0.0,736.0,19.0,5.0,0.6554054054054054,70.77354288101196
dim4_multi2,eucalyptus,188.0,1.0,736.0,19.0,5.0,0.6530612244897959,67.8356683254242
dim4_multi2,eucalyptus,188.0,2.0,736.0,19.0,5.0,0.673469387755102,67.89727902412415
dim4_multi2,eucalyptus,188.0,3.0,736.0,19.0,5.0,0.6258503401360545,68.35877060890198
dim4_multi2,eucalyptus,188.0,4.0,736.0,19.0,5.0,0.7142857142857143,68.00911951065063
dim4_multi2,first-order-theorem-proving,1475.0,0.0,6118.0,51.0,6.0,0.5277777777777778,510.9683260917664
dim4_multi2,first-order-theorem-proving,1475.0,1.0,6118.0,51.0,6.0,0.5383986928104575,506.0779526233673
dim4_multi2,first-order-theorem-proving,1475.0,2.0,6118.0,51.0,6.0,0.5163398692810458,467.5970973968506
dim4_multi2,first-order-theorem-proving,1475.0,3.0,6118.0,51.0,6.0,0.5412919051512673,457.2226188182831
dim4_multi2,first-order-theorem-proving,1475.0,4.0,6118.0,51.0,6.0,0.5110384300899428,413.919056892395
dim4_multi2,har,1478.0,0.0,10299.0,561.0,6.0,,21.38973832130432
dim4_multi2,har,1478.0,1.0,10299.0,561.0,6.0,,22.709572076797485
dim4_multi2,har,1478.0,2.0,10299.0,561.0,6.0,,22.302563905715942
dim4_multi2,har,1478.0,3.0,10299.0,561.0,6.0,,21.86367464065552
dim4_multi2,har,1478.0,4.0,10299.0,561.0,6.0,,22.77664446830749
dim4_multi2,ilpd,1480.0,0.0,583.0,10.0,2.0,0.6923076923076923,37.27648901939392
dim4_multi2,ilpd,1480.0,1.0,583.0,10.0,2.0,0.7008547008547008,35.911930322647095
dim4_multi2,ilpd,1480.0,2.0,583.0,10.0,2.0,0.7094017094017094,35.95856952667236
dim4_multi2,ilpd,1480.0,3.0,583.0,10.0,2.0,0.646551724137931,36.39545202255249
dim4_multi2,ilpd,1480.0,4.0,583.0,10.0,2.0,0.7155172413793104,43.59010148048401
dim4_multi2,isolet,300.0,0.0,7797.0,617.0,26.0,,18.406525135040283
dim4_multi2,isolet,300.0,1.0,7797.0,617.0,26.0,,19.34820866584778
dim4_multi2,isolet,300.0,2.0,7797.0,617.0,26.0,,20.18129014968872
dim4_multi2,isolet,300.0,3.0,7797.0,617.0,26.0,,18.732930421829224
dim4_multi2,isolet,300.0,4.0,7797.0,617.0,26.0,,19.476900100708008
dim4_multi2,jm1,1053.0,0.0,10885.0,21.0,2.0,0.8203950390445567,569.2197482585907
dim4_multi2,jm1,1053.0,1.0,10885.0,21.0,2.0,0.8135048231511254,555.0204260349274
dim4_multi2,jm1,1053.0,2.0,10885.0,21.0,2.0,0.8093706936150666,564.5185925960541
dim4_multi2,jm1,1053.0,3.0,10885.0,21.0,2.0,0.8139641708773542,640.0400855541229
dim4_multi2,jm1,1053.0,4.0,10885.0,21.0,2.0,0.808451998162609,696.3875117301941
dim4_multi2,jungle_chess_2pcs_raw_endgame_complete,41027.0,0.0,44819.0,6.0,3.0,0.9473449352967426,1576.462854385376
dim4_multi2,jungle_chess_2pcs_raw_endgame_complete,41027.0,1.0,44819.0,6.0,3.0,,1593.5163629055023
dim4_multi2,jungle_chess_2pcs_raw_endgame_complete,41027.0,2.0,44819.0,6.0,3.0,0.9307228915662652,1544.8187379837036
dim4_multi2,jungle_chess_2pcs_raw_endgame_complete,41027.0,3.0,44819.0,6.0,3.0,,1489.343554019928
dim4_multi2,jungle_chess_2pcs_raw_endgame_complete,41027.0,4.0,44819.0,6.0,3.0,0.9425415597456208,1484.21217918396
dim4_multi2,kc1,1067.0,0.0,2109.0,21.0,2.0,0.8578199052132701,174.86381244659424
dim4_multi2,kc1,1067.0,1.0,2109.0,21.0,2.0,0.8625592417061612,171.44031620025635
dim4_multi2,kc1,1067.0,2.0,2109.0,21.0,2.0,0.8672985781990521,127.35526537895204
dim4_multi2,kc1,1067.0,3.0,2109.0,21.0,2.0,0.8767772511848341,124.08339285850523
dim4_multi2,kc1,1067.0,4.0,2109.0,21.0,2.0,0.8456057007125891,124.28396248817444
dim4_multi2,kc2,1063.0,0.0,522.0,21.0,2.0,0.8,33.67690896987915
dim4_multi2,kc2,1063.0,1.0,522.0,21.0,2.0,0.8571428571428571,32.90028786659241
dim4_multi2,kc2,1063.0,2.0,522.0,21.0,2.0,0.8557692307692307,33.333425998687744
dim4_multi2,kc2,1063.0,3.0,522.0,21.0,2.0,0.8461538461538461,34.999621868133545
dim4_multi2,kc2,1063.0,4.0,522.0,21.0,2.0,0.7980769230769231,33.41628861427307
dim4_multi2,kr-vs-kp,3.0,0.0,3196.0,36.0,2.0,0.9890625,358.409526348114
dim4_multi2,kr-vs-kp,3.0,1.0,3196.0,36.0,2.0,0.9968701095461658,364.9793887138367
dim4_multi2,kr-vs-kp,3.0,2.0,3196.0,36.0,2.0,0.9953051643192488,354.9370799064636
dim4_multi2,kr-vs-kp,3.0,3.0,3196.0,36.0,2.0,0.9874804381846636,357.4865639209748
dim4_multi2,kr-vs-kp,3.0,4.0,3196.0,36.0,2.0,0.9843505477308294,377.3545434474945
dim4_multi2,letter,6.0,0.0,20000.0,16.0,26.0,0.97175,1756.0762684345243
dim4_multi2,letter,6.0,1.0,20000.0,16.0,26.0,0.96825,1704.4325177669523
dim4_multi2,letter,6.0,2.0,20000.0,16.0,26.0,0.9735,1717.8047482967377
dim4_multi2,letter,6.0,3.0,20000.0,16.0,26.0,0.9615,1763.047446727753
dim4_multi2,letter,6.0,4.0,20000.0,16.0,26.0,0.97275,1990.847561597824
dim4_multi2,mfeat-factors,12.0,0.0,2000.0,216.0,10.0,0.9625,361.1299250125885
dim4_multi2,mfeat-factors,12.0,1.0,2000.0,216.0,10.0,0.9775,357.1412901878357
dim4_multi2,mfeat-factors,12.0,2.0,2000.0,216.0,10.0,0.97,361.6319797039032
dim4_multi2,mfeat-factors,12.0,3.0,2000.0,216.0,10.0,0.96,360.3046152591705
dim4_multi2,mfeat-factors,12.0,4.0,2000.0,216.0,10.0,0.97,368.281763792038
dim4_multi2,mfeat-fourier,14.0,0.0,2000.0,76.0,10.0,0.7925,227.8061985969544
dim4_multi2,mfeat-fourier,14.0,1.0,2000.0,76.0,10.0,0.7825,227.5222311019897
dim4_multi2,mfeat-fourier,14.0,2.0,2000.0,76.0,10.0,0.735,226.17516684532168
dim4_multi2,mfeat-fourier,14.0,3.0,2000.0,76.0,10.0,0.7675,234.87558913230896
dim4_multi2,mfeat-fourier,14.0,4.0,2000.0,76.0,10.0,0.7875,235.97789883613584
dim4_multi2,mfeat-karhunen,16.0,0.0,2000.0,64.0,10.0,0.9375,249.9250378608704
dim4_multi2,mfeat-karhunen,16.0,1.0,2000.0,64.0,10.0,0.975,244.40380597114563
dim4_multi2,mfeat-karhunen,16.0,2.0,2000.0,64.0,10.0,0.9525,267.7976837158203
dim4_multi2,mfeat-karhunen,16.0,3.0,2000.0,64.0,10.0,0.945,238.8890025615692
dim4_multi2,mfeat-karhunen,16.0,4.0,2000.0,64.0,10.0,0.9425,222.32547760009768
dim4_multi2,mfeat-morphological,18.0,0.0,2000.0,6.0,10.0,0.7475,154.66242694854736
dim4_multi2,mfeat-morphological,18.0,1.0,2000.0,6.0,10.0,0.7125,157.71950507164
dim4_multi2,mfeat-morphological,18.0,2.0,2000.0,6.0,10.0,0.75,157.96019649505615
dim4_multi2,mfeat-morphological,18.0,3.0,2000.0,6.0,10.0,0.7475,157.51209568977356
dim4_multi2,mfeat-morphological,18.0,4.0,2000.0,6.0,10.0,0.75,150.67972946166992
dim4_multi2,mfeat-pixel,40979.0,0.0,2000.0,240.0,10.0,0.9575,361.30177545547485
dim4_multi2,mfeat-pixel,40979.0,1.0,2000.0,240.0,10.0,0.97,361.2222664356232
dim4_multi2,mfeat-pixel,40979.0,2.0,2000.0,240.0,10.0,0.965,409.1197476387024
dim4_multi2,mfeat-pixel,40979.0,3.0,2000.0,240.0,10.0,0.95,350.6648347377777
dim4_multi2,mfeat-pixel,40979.0,4.0,2000.0,240.0,10.0,0.955,354.9208221435547
dim4_multi2,mfeat-zernike,22.0,0.0,2000.0,47.0,10.0,0.7925,214.8823413848877
dim4_multi2,mfeat-zernike,22.0,1.0,2000.0,47.0,10.0,0.8175,215.77378106117249
dim4_multi2,mfeat-zernike,22.0,2.0,2000.0,47.0,10.0,0.82,195.31169247627253
dim4_multi2,mfeat-zernike,22.0,3.0,2000.0,47.0,10.0,0.845,198.69172263145447
dim4_multi2,mfeat-zernike,22.0,4.0,2000.0,47.0,10.0,0.8275,197.25703597068787
dim4_multi2,nomao,1486.0,0.0,34465.0,118.0,2.0,,104.02839541435242
dim4_multi2,nomao,1486.0,1.0,34465.0,118.0,2.0,,104.95243072509766
dim4_multi2,nomao,1486.0,2.0,34465.0,118.0,2.0,,100.19163179397584
dim4_multi2,nomao,1486.0,3.0,34465.0,118.0,2.0,,105.98143529891968
dim4_multi2,nomao,1486.0,4.0,34465.0,118.0,2.0,,103.5853762626648
dim4_multi2,optdigits,28.0,0.0,5620.0,64.0,10.0,0.9750889679715302,448.2978236675263
dim4_multi2,optdigits,28.0,1.0,5620.0,64.0,10.0,0.9786476868327402,431.2919821739197
dim4_multi2,optdigits,28.0,2.0,5620.0,64.0,10.0,0.9830960854092526,428.32291865348816
dim4_multi2,optdigits,28.0,3.0,5620.0,64.0,10.0,0.9786476868327402,489.8104257583618
dim4_multi2,optdigits,28.0,4.0,5620.0,64.0,10.0,0.9741992882562278,513.9698088169098
dim4_multi2,ozone-level-8hr,1487.0,0.0,2534.0,72.0,2.0,0.9368836291913216,237.97994256019592
dim4_multi2,ozone-level-8hr,1487.0,1.0,2534.0,72.0,2.0,0.9368836291913216,237.5971748828888
dim4_multi2,ozone-level-8hr,1487.0,2.0,2534.0,72.0,2.0,0.930966469428008,259.6650581359863
dim4_multi2,ozone-level-8hr,1487.0,3.0,2534.0,72.0,2.0,0.95069033530572,271.92653799057007
dim4_multi2,ozone-level-8hr,1487.0,4.0,2534.0,72.0,2.0,0.9446640316205532,268.7854335308075
dim4_multi2,pc1,1068.0,0.0,1109.0,21.0,2.0,0.9369369369369368,83.98411417007446
dim4_multi2,pc1,1068.0,1.0,1109.0,21.0,2.0,0.9324324324324323,82.52016854286194
dim4_multi2,pc1,1068.0,2.0,1109.0,21.0,2.0,0.9234234234234234,83.25128245353699
dim4_multi2,pc1,1068.0,3.0,1109.0,21.0,2.0,0.945945945945946,83.86074256896973
dim4_multi2,pc1,1068.0,4.0,1109.0,21.0,2.0,0.9140271493212668,82.70074963569641
dim4_multi2,pc3,1050.0,0.0,1563.0,37.0,2.0,0.8849840255591054,152.0332088470459
dim4_multi2,pc3,1050.0,1.0,1563.0,37.0,2.0,0.8913738019169329,172.79586148262024
dim4_multi2,pc3,1050.0,2.0,1563.0,37.0,2.0,0.8977635782747604,166.566504240036
dim4_multi2,pc3,1050.0,3.0,1563.0,37.0,2.0,0.8782051282051282,166.6216106414795
dim4_multi2,pc3,1050.0,4.0,1563.0,37.0,2.0,0.8974358974358975,163.54982113838196
dim4_multi2,pc4,1049.0,0.0,1458.0,37.0,2.0,0.9212328767123288,134.86772966384888
dim4_multi2,pc4,1049.0,1.0,1458.0,37.0,2.0,0.9006849315068494,135.4745171070099
dim4_multi2,pc4,1049.0,2.0,1458.0,37.0,2.0,0.9041095890410958,134.27060627937317
dim4_multi2,pc4,1049.0,3.0,1458.0,37.0,2.0,0.9037800687285223,135.01612782478333
dim4_multi2,pc4,1049.0,4.0,1458.0,37.0,2.0,0.9175257731958762,138.89722180366516
dim4_multi2,pendigits,32.0,0.0,10992.0,16.0,10.0,0.98681218735789,852.5460584163666
dim4_multi2,pendigits,32.0,1.0,10992.0,16.0,10.0,0.9931787175989086,945.7745170593262
dim4_multi2,pendigits,32.0,2.0,10992.0,16.0,10.0,0.9931756141947224,1003.4383773803712
dim4_multi2,pendigits,32.0,3.0,10992.0,16.0,10.0,0.9931756141947224,967.2763764858246
dim4_multi2,pendigits,32.0,4.0,10992.0,16.0,10.0,0.9904458598726116,1048.401222229004
dim4_multi2,phoneme,1489.0,0.0,5404.0,5.0,2.0,0.8695652173913043,434.7228717803955
dim4_multi2,phoneme,1489.0,1.0,5404.0,5.0,2.0,0.877890841813136,449.40061831474304
dim4_multi2,phoneme,1489.0,2.0,5404.0,5.0,2.0,0.8704902867715079,454.5421576499939
dim4_multi2,phoneme,1489.0,3.0,5404.0,5.0,2.0,0.8899167437557817,458.1842792034149
dim4_multi2,phoneme,1489.0,4.0,5404.0,5.0,2.0,0.8703703703703703,456.5548322200775
dim4_multi2,qsar-biodeg,1494.0,0.0,1055.0,41.0,2.0,0.8625592417061612,71.44508194923401
dim4_multi2,qsar-biodeg,1494.0,1.0,1055.0,41.0,2.0,0.8436018957345972,73.12156367301941
dim4_multi2,qsar-biodeg,1494.0,2.0,1055.0,41.0,2.0,0.8720379146919431,72.7297134399414
dim4_multi2,qsar-biodeg,1494.0,3.0,1055.0,41.0,2.0,0.8672985781990521,71.80453681945801
dim4_multi2,qsar-biodeg,1494.0,4.0,1055.0,41.0,2.0,0.8530805687203792,71.22283697128296
dim4_multi2,satimage,182.0,0.0,6430.0,36.0,6.0,0.9144634525660964,337.11892771720886
dim4_multi2,satimage,182.0,1.0,6430.0,36.0,6.0,0.9027993779160186,334.03877305984497
dim4_multi2,satimage,182.0,2.0,6430.0,36.0,6.0,0.91601866251944,346.1147494316101
dim4_multi2,satimage,182.0,3.0,6430.0,36.0,6.0,0.911353032659409,343.89564847946167
dim4_multi2,satimage,182.0,4.0,6430.0,36.0,6.0,0.9144634525660964,342.45612931251526
dim4_multi2,segment,40984.0,0.0,2310.0,16.0,7.0,0.91991341991342,136.52537202835083
dim4_multi2,segment,40984.0,1.0,2310.0,16.0,7.0,0.9134199134199136,143.06439471244812
dim4_multi2,segment,40984.0,2.0,2310.0,16.0,7.0,0.9307359307359307,148.1748173236847
dim4_multi2,segment,40984.0,3.0,2310.0,16.0,7.0,0.91991341991342,136.62062788009644
dim4_multi2,segment,40984.0,4.0,2310.0,16.0,7.0,0.9307359307359307,136.26217985153198
dim4_multi2,semeion,1501.0,0.0,1593.0,256.0,10.0,0.8871473354231975,323.6907117366791
dim4_multi2,semeion,1501.0,1.0,1593.0,256.0,10.0,0.9216300940438872,319.63485288619995
dim4_multi2,semeion,1501.0,2.0,1593.0,256.0,10.0,0.8840125391849529,317.6488540172577
dim4_multi2,semeion,1501.0,3.0,1593.0,256.0,10.0,0.0974842767295597,349.58986377716064
dim4_multi2,semeion,1501.0,4.0,1593.0,256.0,10.0,0.889937106918239,370.94782400131226
dim4_multi2,sick,38.0,4.0,3772.0,28.0,2.0,0.9893899204244032,191.22916078567505
dim4_multi2,spambase,44.0,0.0,4601.0,57.0,2.0,0.9239956568946796,481.1317057609558
dim4_multi2,spambase,44.0,1.0,4601.0,57.0,2.0,0.9347826086956522,479.5645563602448
dim4_multi2,spambase,44.0,2.0,4601.0,57.0,2.0,0.9380434782608696,490.7173962593079
dim4_multi2,spambase,44.0,3.0,4601.0,57.0,2.0,0.942391304347826,498.6721935272217
dim4_multi2,spambase,44.0,4.0,4601.0,57.0,2.0,0.9315217391304348,462.6237916946411
dim4_multi2,splice,46.0,0.0,3190.0,60.0,3.0,0.915360501567398,453.973578453064
dim4_multi2,splice,46.0,1.0,3190.0,60.0,3.0,0.957680250783699,491.1366744041443
dim4_multi2,splice,46.0,2.0,3190.0,60.0,3.0,0.9247648902821316,461.3816175460816
dim4_multi2,splice,46.0,3.0,3190.0,60.0,3.0,0.9357366771159876,481.36750507354736
dim4_multi2,splice,46.0,4.0,3190.0,60.0,3.0,0.9294670846394985,466.73938274383545
dim4_multi2,steel-plates-fault,40982.0,0.0,1941.0,27.0,7.0,0.7275064267352185,213.2162318229676
dim4_multi2,steel-plates-fault,40982.0,1.0,1941.0,27.0,7.0,0.7345360824742269,203.99810075759888
dim4_multi2,steel-plates-fault,40982.0,2.0,1941.0,27.0,7.0,0.7268041237113402,210.84522533416748
dim4_multi2,steel-plates-fault,40982.0,3.0,1941.0,27.0,7.0,0.7603092783505154,212.39475631713867
dim4_multi2,steel-plates-fault,40982.0,4.0,1941.0,27.0,7.0,0.6262886597938144,200.6578388214112
dim4_multi2,texture,40499.0,0.0,5500.0,40.0,11.0,0.9972727272727272,441.72394847869873
dim4_multi2,texture,40499.0,1.0,5500.0,40.0,11.0,0.9990909090909093,447.6457533836365
dim4_multi2,texture,40499.0,2.0,5500.0,40.0,11.0,0.9972727272727272,486.5543746948242
dim4_multi2,texture,40499.0,3.0,5500.0,40.0,11.0,0.9981818181818182,502.30348777771
dim4_multi2,texture,40499.0,4.0,5500.0,40.0,11.0,0.9972727272727272,415.58023595809937
dim4_multi2,tic-tac-toe,50.0,0.0,958.0,9.0,2.0,0.9947916666666666,92.8433916568756
dim4_multi2,tic-tac-toe,50.0,1.0,958.0,9.0,2.0,0.9895833333333334,93.25516724586488
dim4_multi2,tic-tac-toe,50.0,2.0,958.0,9.0,2.0,0.9739583333333334,85.53534817695618
dim4_multi2,tic-tac-toe,50.0,3.0,958.0,9.0,2.0,0.9685863874345548,96.62913632392883
dim4_multi2,tic-tac-toe,50.0,4.0,958.0,9.0,2.0,0.9738219895287958,101.0255937576294
dim4_multi2,vehicle,54.0,0.0,846.0,18.0,4.0,0.8058823529411765,85.31645941734314
dim4_multi2,vehicle,54.0,1.0,846.0,18.0,4.0,0.7633136094674556,82.98559474945068
dim4_multi2,vehicle,54.0,2.0,846.0,18.0,4.0,0.7988165680473372,82.96616744995117
dim4_multi2,vehicle,54.0,3.0,846.0,18.0,4.0,0.834319526627219,82.88042044639587
dim4_multi2,vehicle,54.0,4.0,846.0,18.0,4.0,0.7988165680473372,79.26962375640869
dim4_multi2,vowel,307.0,0.0,990.0,12.0,11.0,0.9747474747474748,105.72279834747314
dim4_multi2,vowel,307.0,1.0,990.0,12.0,11.0,0.9696969696969696,99.02055215835573
dim4_multi2,vowel,307.0,2.0,990.0,12.0,11.0,0.9292929292929292,100.1838219165802
dim4_multi2,vowel,307.0,3.0,990.0,12.0,11.0,0.9797979797979798,98.31342387199402
dim4_multi2,vowel,307.0,4.0,990.0,12.0,11.0,0.9848484848484848,95.27866291999815
dim4_multi2,wall-robot-navigation,1497.0,0.0,5456.0,24.0,4.0,0.9615384615384616,544.6853270530701
dim4_multi2,wall-robot-navigation,1497.0,1.0,5456.0,24.0,4.0,0.9578368469294224,519.6039752960205
dim4_multi2,wall-robot-navigation,1497.0,2.0,5456.0,24.0,4.0,0.9660861594867094,565.7831470966339
dim4_multi2,wall-robot-navigation,1497.0,3.0,5456.0,24.0,4.0,0.9550870760769936,511.3463201522827
dim4_multi2,wall-robot-navigation,1497.0,4.0,5456.0,24.0,4.0,0.9514207149404216,420.1770031452179
dim4_multi2,wdbc,1510.0,0.0,569.0,30.0,2.0,0.9649122807017544,39.2366406917572
dim4_multi2,wdbc,1510.0,1.0,569.0,30.0,2.0,0.956140350877193,39.31706643104553
dim4_multi2,wdbc,1510.0,2.0,569.0,30.0,2.0,0.9385964912280702,39.33202600479126
dim4_multi2,wdbc,1510.0,3.0,569.0,30.0,2.0,0.9473684210526316,39.13567042350769
dim4_multi2,wdbc,1510.0,4.0,569.0,30.0,2.0,0.9823008849557522,38.98161458969116
dim4_multi2,wilt,40983.0,0.0,4839.0,5.0,2.0,0.9865702479338844,372.5642898082733
dim4_multi2,wilt,40983.0,1.0,4839.0,5.0,2.0,0.987603305785124,373.0261936187744
dim4_multi2,wilt,40983.0,2.0,4839.0,5.0,2.0,0.9886363636363636,366.41273617744446
dim4_multi2,wilt,40983.0,3.0,4839.0,5.0,2.0,0.9865702479338844,368.172563791275
dim4_multi2,wilt,40983.0,4.0,4839.0,5.0,2.0,0.9865563598759048,381.54434847831726
dim4_multi3,GesturePhaseSegmentationProcessed,4538.0,0.0,9873.0,32.0,5.0,0.5513924050632911,663.7860772609711
dim4_multi3,GesturePhaseSegmentationProcessed,4538.0,1.0,9873.0,32.0,5.0,0.5255696202531646,705.276139497757
dim4_multi3,GesturePhaseSegmentationProcessed,4538.0,2.0,9873.0,32.0,5.0,0.5412658227848102,797.5957605838776
dim4_multi3,GesturePhaseSegmentationProcessed,4538.0,3.0,9873.0,32.0,5.0,0.5516717325227963,773.773161649704
dim4_multi3,GesturePhaseSegmentationProcessed,4538.0,4.0,9873.0,32.0,5.0,0.5542046605876393,709.0565268993378
dim4_multi3,MiceProtein,40966.0,0.0,1080.0,77.0,8.0,1.0,143.06128215789795
dim4_multi3,MiceProtein,40966.0,1.0,1080.0,77.0,8.0,0.976851851851852,146.2236692905426
dim4_multi3,MiceProtein,40966.0,2.0,1080.0,77.0,8.0,1.0,166.5283966064453
dim4_multi3,MiceProtein,40966.0,3.0,1080.0,77.0,8.0,0.9814814814814816,148.6318004131317
dim4_multi3,MiceProtein,40966.0,4.0,1080.0,77.0,8.0,0.9861111111111112,141.13610339164734
dim4_multi3,PhishingWebsites,4534.0,0.0,11055.0,30.0,2.0,0.9647218453188604,705.7503867149353
dim4_multi3,PhishingWebsites,4534.0,1.0,11055.0,30.0,2.0,0.9538670284938942,724.4023888111115
dim4_multi3,PhishingWebsites,4534.0,2.0,11055.0,30.0,2.0,0.9624604251469924,658.2732548713684
dim4_multi3,PhishingWebsites,4534.0,3.0,11055.0,30.0,2.0,0.9507010402532792,595.9846248626709
dim4_multi3,PhishingWebsites,4534.0,4.0,11055.0,30.0,2.0,0.9574853007688828,551.4117991924286
dim4_multi3,analcatdata_authorship,458.0,0.0,841.0,70.0,4.0,0.9940828402366864,80.14254593849182
dim4_multi3,analcatdata_authorship,458.0,1.0,841.0,70.0,4.0,0.9761904761904762,70.66613054275513
dim4_multi3,analcatdata_authorship,458.0,2.0,841.0,70.0,4.0,0.9940476190476192,79.64182996749878
dim4_multi3,analcatdata_authorship,458.0,3.0,841.0,70.0,4.0,0.9821428571428572,74.10145401954651
dim4_multi3,analcatdata_authorship,458.0,4.0,841.0,70.0,4.0,1.0,100.34916353225708
dim4_multi3,analcatdata_dmft,469.0,0.0,797.0,4.0,6.0,0.20625,50.733033657073975
dim4_multi3,analcatdata_dmft,469.0,1.0,797.0,4.0,6.0,0.225,49.77767634391785
dim4_multi3,analcatdata_dmft,469.0,2.0,797.0,4.0,6.0,0.1949685534591195,46.7857723236084
dim4_multi3,analcatdata_dmft,469.0,3.0,797.0,4.0,6.0,0.1761006289308176,52.70586585998535
dim4_multi3,analcatdata_dmft,469.0,4.0,797.0,4.0,6.0,0.1635220125786163,47.22651028633118
dim4_multi3,balance-scale,11.0,0.0,625.0,4.0,3.0,0.976,50.3144257068634
dim4_multi3,balance-scale,11.0,1.0,625.0,4.0,3.0,0.992,45.50094342231751
dim4_multi3,balance-scale,11.0,2.0,625.0,4.0,3.0,0.96,44.16078329086304
dim4_multi3,balance-scale,11.0,3.0,625.0,4.0,3.0,0.976,46.4086229801178
dim4_multi3,balance-scale,11.0,4.0,625.0,4.0,3.0,0.984,46.56110548973084
dim4_multi3,banknote-authentication,1462.0,0.0,1372.0,4.0,2.0,1.0,122.3407588005066
dim4_multi3,banknote-authentication,1462.0,1.0,1372.0,4.0,2.0,1.0,117.89960479736328
dim4_multi3,banknote-authentication,1462.0,2.0,1372.0,4.0,2.0,1.0,126.75365376472472
dim4_multi3,banknote-authentication,1462.0,3.0,1372.0,4.0,2.0,1.0,115.54823684692384
dim4_multi3,banknote-authentication,1462.0,4.0,1372.0,4.0,2.0,1.0,122.0974771976471
dim4_multi3,blood-transfusion-service-center,1464.0,0.0,748.0,4.0,2.0,0.7933333333333333,50.68983030319214
dim4_multi3,blood-transfusion-service-center,1464.0,1.0,748.0,4.0,2.0,0.8,48.78971338272095
dim4_multi3,blood-transfusion-service-center,1464.0,2.0,748.0,4.0,2.0,0.78,47.31572222709656
dim4_multi3,blood-transfusion-service-center,1464.0,3.0,748.0,4.0,2.0,0.7986577181208053,47.09982419013977
dim4_multi3,blood-transfusion-service-center,1464.0,4.0,748.0,4.0,2.0,0.7718120805369127,48.205084800720215
dim4_multi3,breast-w,15.0,0.0,699.0,9.0,2.0,0.9714285714285714,51.25312256813049
dim4_multi3,breast-w,15.0,1.0,699.0,9.0,2.0,0.9571428571428572,52.397406816482544
dim4_multi3,breast-w,15.0,2.0,699.0,9.0,2.0,0.9714285714285714,53.27902173995972
dim4_multi3,breast-w,15.0,3.0,699.0,9.0,2.0,0.9642857142857144,52.790794372558594
dim4_multi3,breast-w,15.0,4.0,699.0,9.0,2.0,0.9640287769784172,53.246023654937744
dim4_multi3,car,40975.0,0.0,1728.0,6.0,4.0,1.0,148.30748534202576
dim4_multi3,car,40975.0,1.0,1728.0,6.0,4.0,1.0,152.17937088012695
dim4_multi3,car,40975.0,2.0,1728.0,6.0,4.0,0.9884393063583816,150.64866757392883
dim4_multi3,car,40975.0,3.0,1728.0,6.0,4.0,0.9971014492753624,145.6714026927948
dim4_multi3,car,40975.0,4.0,1728.0,6.0,4.0,0.991304347826087,143.65894436836243
dim4_multi3,churn,40701.0,0.0,5000.0,20.0,2.0,0.937,298.30275225639343
dim4_multi3,churn,40701.0,1.0,5000.0,20.0,2.0,0.964,295.0753824710846
dim4_multi3,churn,40701.0,2.0,5000.0,20.0,2.0,0.968,279.4996016025543
dim4_multi3,churn,40701.0,3.0,5000.0,20.0,2.0,0.959,285.0580837726593
dim4_multi3,churn,40701.0,4.0,5000.0,20.0,2.0,0.958,283.0393776893616
dim4_multi3,climate-model-simulation-crashes,40994.0,0.0,540.0,18.0,2.0,0.9444444444444444,42.25057935714722
dim4_multi3,climate-model-simulation-crashes,40994.0,1.0,540.0,18.0,2.0,0.9166666666666666,42.17413830757141
dim4_multi3,climate-model-simulation-crashes,40994.0,2.0,540.0,18.0,2.0,0.8981481481481481,42.05578398704529
dim4_multi3,climate-model-simulation-crashes,40994.0,3.0,540.0,18.0,2.0,0.9351851851851852,45.26187705993652
dim4_multi3,climate-model-simulation-crashes,40994.0,4.0,540.0,18.0,2.0,0.9537037037037036,41.73143577575684
dim4_multi3,cmc,23.0,0.0,1473.0,9.0,3.0,0.5627118644067797,141.47683572769165
dim4_multi3,cmc,23.0,1.0,1473.0,9.0,3.0,0.559322033898305,140.795729637146
dim4_multi3,cmc,23.0,2.0,1473.0,9.0,3.0,0.5389830508474577,146.98425555229187
dim4_multi3,cmc,23.0,3.0,1473.0,9.0,3.0,0.5306122448979592,142.6616780757904
dim4_multi3,cmc,23.0,4.0,1473.0,9.0,3.0,0.5510204081632653,145.01123023033142
dim4_multi3,cnae-9,1468.0,2.0,1080.0,856.0,9.0,0.1111111111111111,530.5388336181641
dim4_multi3,credit-approval,29.0,0.0,690.0,15.0,2.0,0.8260869565217391,57.06223750114441
dim4_multi3,credit-approval,29.0,1.0,690.0,15.0,2.0,0.8115942028985508,57.96743965148926
dim4_multi3,credit-approval,29.0,2.0,690.0,15.0,2.0,0.8623188405797102,58.01002526283264
dim4_multi3,credit-approval,29.0,3.0,690.0,15.0,2.0,0.8405797101449275,54.89708375930786
dim4_multi3,credit-approval,29.0,4.0,690.0,15.0,2.0,0.8985507246376812,61.75478386878967
dim4_multi3,credit-g,31.0,0.0,1000.0,20.0,2.0,0.715,120.30368256568909
dim4_multi3,credit-g,31.0,1.0,1000.0,20.0,2.0,0.755,120.94756770133972
dim4_multi3,credit-g,31.0,2.0,1000.0,20.0,2.0,0.765,117.53532671928406
dim4_multi3,credit-g,31.0,3.0,1000.0,20.0,2.0,0.7,120.0227828025818
dim4_multi3,credit-g,31.0,4.0,1000.0,20.0,2.0,0.725,120.9239137172699
dim4_multi3,cylinder-bands,6332.0,0.0,540.0,37.0,2.0,0.6851851851851852,52.96529054641724
dim4_multi3,cylinder-bands,6332.0,1.0,540.0,37.0,2.0,0.6481481481481481,53.29586100578308
dim4_multi3,cylinder-bands,6332.0,2.0,540.0,37.0,2.0,0.7870370370370371,53.65976357460022
dim4_multi3,cylinder-bands,6332.0,3.0,540.0,37.0,2.0,0.6944444444444444,53.81080389022827
dim4_multi3,cylinder-bands,6332.0,4.0,540.0,37.0,2.0,0.75,53.35322856903076
dim4_multi3,diabetes,37.0,0.0,768.0,8.0,2.0,0.7467532467532467,51.34394359588623
dim4_multi3,diabetes,37.0,1.0,768.0,8.0,2.0,0.8051948051948052,52.52311992645264
dim4_multi3,diabetes,37.0,2.0,768.0,8.0,2.0,0.7792207792207793,50.29632639884949
dim4_multi3,diabetes,37.0,3.0,768.0,8.0,2.0,0.7581699346405228,49.60814332962036
dim4_multi3,diabetes,37.0,4.0,768.0,8.0,2.0,0.7647058823529411,51.37485361099243
dim4_multi3,dna,40670.0,0.0,3186.0,180.0,3.0,0.938871473354232,669.5148673057556
dim4_multi3,dna,40670.0,1.0,3186.0,180.0,3.0,0.5196232339089482,609.3821408748627
dim4_multi3,dna,40670.0,2.0,3186.0,180.0,3.0,0.9497645211930926,581.2064206600189
dim4_multi3,dna,40670.0,3.0,3186.0,180.0,3.0,0.9262166405023547,585.3236882686615
dim4_multi3,dna,40670.0,4.0,3186.0,180.0,3.0,0.5180533751962323,637.928141117096
dim4_multi3,dresses-sales,23381.0,0.0,500.0,12.0,2.0,0.58,51.55722403526306
dim4_multi3,dresses-sales,23381.0,1.0,500.0,12.0,2.0,0.6,53.03492975234985
dim4_multi3,dresses-sales,23381.0,2.0,500.0,12.0,2.0,0.58,51.730164527893066
dim4_multi3,dresses-sales,23381.0,3.0,500.0,12.0,2.0,0.68,48.50346255302429
dim4_multi3,dresses-sales,23381.0,4.0,500.0,12.0,2.0,0.65,40.76500582695007
dim4_multi3,eucalyptus,188.0,0.0,736.0,19.0,5.0,0.6283783783783784,62.27052974700928
dim4_multi3,eucalyptus,188.0,1.0,736.0,19.0,5.0,0.6394557823129252,63.35178732872009
dim4_multi3,eucalyptus,188.0,2.0,736.0,19.0,5.0,0.5918367346938775,64.02686619758606
dim4_multi3,eucalyptus,188.0,3.0,736.0,19.0,5.0,0.673469387755102,64.59626054763794
dim4_multi3,eucalyptus,188.0,4.0,736.0,19.0,5.0,0.6666666666666666,60.96395802497864
dim4_multi3,first-order-theorem-proving,1475.0,0.0,6118.0,51.0,6.0,0.5392156862745098,299.8367714881897
dim4_multi3,first-order-theorem-proving,1475.0,1.0,6118.0,51.0,6.0,0.5367647058823529,683.8585760593414
dim4_multi3,first-order-theorem-proving,1475.0,2.0,6118.0,51.0,6.0,0.5375816993464052,666.1664626598358
dim4_multi3,first-order-theorem-proving,1475.0,3.0,6118.0,51.0,6.0,0.544562551103843,668.9371750354767
dim4_multi3,first-order-theorem-proving,1475.0,4.0,6118.0,51.0,6.0,0.5151267375306623,553.9124755859375
dim4_multi3,ilpd,1480.0,0.0,583.0,10.0,2.0,0.6752136752136753,43.19235873222351
dim4_multi3,ilpd,1480.0,1.0,583.0,10.0,2.0,0.7094017094017094,46.31393504142761
dim4_multi3,ilpd,1480.0,2.0,583.0,10.0,2.0,0.7094017094017094,46.57176113128662
dim4_multi3,ilpd,1480.0,3.0,583.0,10.0,2.0,0.7068965517241379,49.21095061302185
dim4_multi3,ilpd,1480.0,4.0,583.0,10.0,2.0,0.6724137931034483,46.54837942123413
dim4_multi3,jm1,1053.0,0.0,10885.0,21.0,2.0,0.819935691318328,677.5107336044312
dim4_multi3,jm1,1053.0,1.0,10885.0,21.0,2.0,0.8144235186035829,539.5553987026215
dim4_multi3,jm1,1053.0,2.0,10885.0,21.0,2.0,0.8125861276986679,548.2636826038361
dim4_multi3,jm1,1053.0,3.0,10885.0,21.0,2.0,0.8144235186035829,548.9354729652405
dim4_multi3,jm1,1053.0,4.0,10885.0,21.0,2.0,0.8135048231511254,571.7282836437225
dim4_multi3,kc1,1067.0,0.0,2109.0,21.0,2.0,0.8672985781990521,210.58248710632324
dim4_multi3,kc1,1067.0,1.0,2109.0,21.0,2.0,0.8625592417061612,197.57175827026367
dim4_multi3,kc1,1067.0,2.0,2109.0,21.0,2.0,0.8720379146919431,224.09177541732788
dim4_multi3,kc1,1067.0,3.0,2109.0,21.0,2.0,0.8720379146919431,210.9689579010009
dim4_multi3,kc1,1067.0,4.0,2109.0,21.0,2.0,0.831353919239905,223.83445501327515
dim4_multi3,kc2,1063.0,0.0,522.0,21.0,2.0,0.7904761904761904,43.51655721664429
dim4_multi3,kc2,1063.0,1.0,522.0,21.0,2.0,0.8666666666666667,42.97440481185913
dim4_multi3,kc2,1063.0,2.0,522.0,21.0,2.0,0.8173076923076923,43.36347126960754
dim4_multi3,kc2,1063.0,3.0,522.0,21.0,2.0,0.8557692307692307,45.56270551681519
dim4_multi3,kc2,1063.0,4.0,522.0,21.0,2.0,0.8076923076923077,43.0476667881012
dim4_multi3,kr-vs-kp,3.0,0.0,3196.0,36.0,2.0,0.996875,294.96862602233887
dim4_multi3,kr-vs-kp,3.0,1.0,3196.0,36.0,2.0,0.9937402190923318,268.23785400390625
dim4_multi3,kr-vs-kp,3.0,2.0,3196.0,36.0,2.0,0.9890453834115804,238.61058235168457
dim4_multi3,kr-vs-kp,3.0,3.0,3196.0,36.0,2.0,0.9890453834115804,207.3820264339447
dim4_multi3,kr-vs-kp,3.0,4.0,3196.0,36.0,2.0,0.9937402190923318,217.71830701828003
dim4_multi3,letter,6.0,0.0,20000.0,16.0,26.0,0.97375,851.2316582202911
dim4_multi3,letter,6.0,1.0,20000.0,16.0,26.0,0.96775,849.4055602550507
dim4_multi3,letter,6.0,2.0,20000.0,16.0,26.0,0.96825,840.4595475196838
dim4_multi3,letter,6.0,3.0,20000.0,16.0,26.0,0.9725,820.4690725803375
dim4_multi3,letter,6.0,4.0,20000.0,16.0,26.0,0.96825,831.2709136009216
dim4_multi3,mfeat-factors,12.0,0.0,2000.0,216.0,10.0,0.98,353.81977558135986
dim4_multi3,mfeat-factors,12.0,1.0,2000.0,216.0,10.0,0.9575,359.851092338562
dim4_multi3,mfeat-factors,12.0,2.0,2000.0,216.0,10.0,0.96,360.459986448288
dim4_multi3,mfeat-factors,12.0,3.0,2000.0,216.0,10.0,0.1,360.96181416511536
dim4_multi3,mfeat-factors,12.0,4.0,2000.0,216.0,10.0,0.965,391.86614894866943
dim4_multi3,mfeat-fourier,14.0,0.0,2000.0,76.0,10.0,0.7725,215.497136592865
dim4_multi3,mfeat-fourier,14.0,1.0,2000.0,76.0,10.0,0.7775,215.66767191886905
dim4_multi3,mfeat-fourier,14.0,2.0,2000.0,76.0,10.0,0.8175,221.6310148239136
dim4_multi3,mfeat-fourier,14.0,3.0,2000.0,76.0,10.0,0.7925,226.2964723110199
dim4_multi3,mfeat-fourier,14.0,4.0,2000.0,76.0,10.0,0.8075,230.9858829975128
dim4_multi3,mfeat-karhunen,16.0,0.0,2000.0,64.0,10.0,0.9525,204.8691442012787
dim4_multi3,mfeat-karhunen,16.0,1.0,2000.0,64.0,10.0,0.9525,208.1110210418701
dim4_multi3,mfeat-karhunen,16.0,2.0,2000.0,64.0,10.0,0.945,205.26301383972168
dim4_multi3,mfeat-karhunen,16.0,3.0,2000.0,64.0,10.0,0.9475,205.67179894447327
dim4_multi3,mfeat-karhunen,16.0,4.0,2000.0,64.0,10.0,0.9275,203.5248863697052
dim4_multi3,mfeat-morphological,18.0,0.0,2000.0,6.0,10.0,0.75,167.74450397491455
dim4_multi3,mfeat-morphological,18.0,1.0,2000.0,6.0,10.0,0.71,170.25205755233765
dim4_multi3,mfeat-morphological,18.0,2.0,2000.0,6.0,10.0,0.7425,171.67087650299072
dim4_multi3,mfeat-morphological,18.0,3.0,2000.0,6.0,10.0,0.7375,175.5679121017456
dim4_multi3,mfeat-morphological,18.0,4.0,2000.0,6.0,10.0,0.7475,168.96407294273376
dim4_multi3,mfeat-pixel,40979.0,0.0,2000.0,240.0,10.0,0.9575,443.9874539375305
dim4_multi3,mfeat-pixel,40979.0,1.0,2000.0,240.0,10.0,0.1,383.498170375824
dim4_multi3,mfeat-pixel,40979.0,2.0,2000.0,240.0,10.0,0.1,380.5833029747009
dim4_multi3,mfeat-pixel,40979.0,3.0,2000.0,240.0,10.0,0.1,388.92417645454407
dim4_multi3,mfeat-pixel,40979.0,4.0,2000.0,240.0,10.0,0.1,394.8631896972656
dim4_multi3,mfeat-zernike,22.0,0.0,2000.0,47.0,10.0,0.815,189.7206339836121
dim4_multi3,mfeat-zernike,22.0,1.0,2000.0,47.0,10.0,0.835,190.0358054637909
dim4_multi3,mfeat-zernike,22.0,2.0,2000.0,47.0,10.0,0.8275,192.0452291965485
dim4_multi3,mfeat-zernike,22.0,3.0,2000.0,47.0,10.0,0.8225,191.1817100048065
dim4_multi3,mfeat-zernike,22.0,4.0,2000.0,47.0,10.0,0.85,195.00205397605896
dim4_multi3,optdigits,28.0,0.0,5620.0,64.0,10.0,0.9804270462633452,298.01768016815186
dim4_multi3,optdigits,28.0,1.0,5620.0,64.0,10.0,0.9795373665480428,291.4405882358551
dim4_multi3,optdigits,28.0,2.0,5620.0,64.0,10.0,0.9688612099644128,293.38372015953064
dim4_multi3,optdigits,28.0,3.0,5620.0,64.0,10.0,0.9786476868327402,313.9432394504547
dim4_multi3,optdigits,28.0,4.0,5620.0,64.0,10.0,0.9839857651245552,290.7940149307251
dim4_multi3,ozone-level-8hr,1487.0,0.0,2534.0,72.0,2.0,0.9447731755424064,243.7749052047729
dim4_multi3,ozone-level-8hr,1487.0,1.0,2534.0,72.0,2.0,0.9171597633136096,244.4605956077576
dim4_multi3,ozone-level-8hr,1487.0,2.0,2534.0,72.0,2.0,0.9447731755424064,243.6474933624268
dim4_multi3,ozone-level-8hr,1487.0,3.0,2534.0,72.0,2.0,0.9368836291913216,243.1515851020813
dim4_multi3,ozone-level-8hr,1487.0,4.0,2534.0,72.0,2.0,0.9426877470355732,246.9186146259308
dim4_multi3,pc1,1068.0,0.0,1109.0,21.0,2.0,0.9414414414414416,114.95118689537048
dim4_multi3,pc1,1068.0,1.0,1109.0,21.0,2.0,0.9324324324324323,105.24034428596497
dim4_multi3,pc1,1068.0,2.0,1109.0,21.0,2.0,0.927927927927928,95.58012795448305
dim4_multi3,pc1,1068.0,3.0,1109.0,21.0,2.0,0.927927927927928,103.0346372127533
dim4_multi3,pc1,1068.0,4.0,1109.0,21.0,2.0,0.9230769230769232,102.89693331718443
dim4_multi3,pc3,1050.0,0.0,1563.0,37.0,2.0,0.8977635782747604,156.3143208026886
dim4_multi3,pc3,1050.0,1.0,1563.0,37.0,2.0,0.8945686900958466,162.1437828540802
dim4_multi3,pc3,1050.0,2.0,1563.0,37.0,2.0,0.8945686900958466,163.36743593215942
dim4_multi3,pc3,1050.0,3.0,1563.0,37.0,2.0,0.8878205128205128,166.6570224761963
dim4_multi3,pc3,1050.0,4.0,1563.0,37.0,2.0,0.8974358974358975,166.10493659973145
dim4_multi3,pc4,1049.0,0.0,1458.0,37.0,2.0,0.928082191780822,148.25653862953186
dim4_multi3,pc4,1049.0,1.0,1458.0,37.0,2.0,0.9075342465753424,147.36850428581238
dim4_multi3,pc4,1049.0,2.0,1458.0,37.0,2.0,0.9006849315068494,146.42504858970642
dim4_multi3,pc4,1049.0,3.0,1458.0,37.0,2.0,0.8969072164948454,145.64823055267334
dim4_multi3,pc4,1049.0,4.0,1458.0,37.0,2.0,0.9003436426116839,149.33515310287476
dim4_multi3,pendigits,32.0,0.0,10992.0,16.0,10.0,0.9945429740791268,615.3144345283508
dim4_multi3,pendigits,32.0,1.0,10992.0,16.0,10.0,0.9918144611186904,595.8788747787476
dim4_multi3,pendigits,32.0,2.0,10992.0,16.0,10.0,0.9936305732484076,594.7679400444031
dim4_multi3,pendigits,32.0,3.0,10992.0,16.0,10.0,0.9927206551410374,588.9789574146271
dim4_multi3,pendigits,32.0,4.0,10992.0,16.0,10.0,0.9949954504094632,624.5704371929169
dim4_multi3,phoneme,1489.0,0.0,5404.0,5.0,2.0,0.8714153561517114,266.82068967819214
dim4_multi3,phoneme,1489.0,1.0,5404.0,5.0,2.0,0.8621646623496763,265.820858001709
dim4_multi3,phoneme,1489.0,2.0,5404.0,5.0,2.0,0.8649398704902868,257.4278755187988
dim4_multi3,phoneme,1489.0,3.0,5404.0,5.0,2.0,0.8843663274745606,261.7850694656372
dim4_multi3,phoneme,1489.0,4.0,5404.0,5.0,2.0,0.8759259259259259,260.0082082748413
dim4_multi3,qsar-biodeg,1494.0,0.0,1055.0,41.0,2.0,0.8578199052132701,128.2331771850586
dim4_multi3,qsar-biodeg,1494.0,1.0,1055.0,41.0,2.0,0.8720379146919431,123.4183259010315
dim4_multi3,qsar-biodeg,1494.0,2.0,1055.0,41.0,2.0,0.8909952606635071,120.41080927848816
dim4_multi3,qsar-biodeg,1494.0,3.0,1055.0,41.0,2.0,0.8483412322274881,127.3435800075531
dim4_multi3,qsar-biodeg,1494.0,4.0,1055.0,41.0,2.0,0.8578199052132701,127.00408005714417
dim4_multi3,satimage,182.0,0.0,6430.0,36.0,6.0,0.905909797822706,522.0446863174438
dim4_multi3,satimage,182.0,1.0,6430.0,36.0,6.0,0.9043545878693624,517.5767457485199
dim4_multi3,satimage,182.0,2.0,6430.0,36.0,6.0,0.9035769828926904,533.3948051929474
dim4_multi3,satimage,182.0,3.0,6430.0,36.0,6.0,0.9074650077760498,520.3005795478821
dim4_multi3,satimage,182.0,4.0,6430.0,36.0,6.0,0.8965785381026439,465.2879457473755
dim4_multi3,segment,40984.0,0.0,2310.0,16.0,7.0,0.91991341991342,227.90914511680603
dim4_multi3,segment,40984.0,1.0,2310.0,16.0,7.0,0.9112554112554112,214.1172399520874
dim4_multi3,segment,40984.0,2.0,2310.0,16.0,7.0,0.9177489177489178,211.5979082584381
dim4_multi3,segment,40984.0,3.0,2310.0,16.0,7.0,0.9112554112554112,173.33424305915833
dim4_multi3,segment,40984.0,4.0,2310.0,16.0,7.0,0.9329004329004328,174.92631649971008
dim4_multi3,semeion,1501.0,0.0,1593.0,256.0,10.0,0.1003134796238244,320.4063446521759
dim4_multi3,semeion,1501.0,1.0,1593.0,256.0,10.0,0.1034482758620689,306.74660539627075
dim4_multi3,semeion,1501.0,2.0,1593.0,256.0,10.0,0.1034482758620689,301.8831784725189
dim4_multi3,semeion,1501.0,3.0,1593.0,256.0,10.0,0.0974842767295597,300.7314672470093
dim4_multi3,semeion,1501.0,4.0,1593.0,256.0,10.0,0.10062893081761,299.59239435195923
dim4_multi3,spambase,44.0,0.0,4601.0,57.0,2.0,0.9218241042345277,273.95120310783386
dim4_multi3,spambase,44.0,1.0,4601.0,57.0,2.0,0.9347826086956522,283.443475484848
dim4_multi3,spambase,44.0,2.0,4601.0,57.0,2.0,0.942391304347826,282.71764183044434
dim4_multi3,spambase,44.0,3.0,4601.0,57.0,2.0,0.9315217391304348,282.74114537239075
dim4_multi3,spambase,44.0,4.0,4601.0,57.0,2.0,0.9293478260869564,282.58622550964355
dim4_multi3,splice,46.0,0.0,3190.0,60.0,3.0,0.9420062695924764,361.0749773979187
dim4_multi3,splice,46.0,1.0,3190.0,60.0,3.0,0.9184952978056428,355.1331510543823
dim4_multi3,splice,46.0,2.0,3190.0,60.0,3.0,0.9357366771159876,351.9614083766937
dim4_multi3,splice,46.0,3.0,3190.0,60.0,3.0,0.9482758620689656,352.2756588459015
dim4_multi3,splice,46.0,4.0,3190.0,60.0,3.0,0.9216300940438872,319.63742208480835
dim4_multi3,steel-plates-fault,40982.0,0.0,1941.0,27.0,7.0,0.7455012853470437,181.3715660572052
dim4_multi3,steel-plates-fault,40982.0,1.0,1941.0,27.0,7.0,0.7396907216494846,179.1720564365387
dim4_multi3,steel-plates-fault,40982.0,2.0,1941.0,27.0,7.0,0.7448453608247423,171.61359977722168
dim4_multi3,steel-plates-fault,40982.0,3.0,1941.0,27.0,7.0,0.7190721649484536,165.46438097953796
dim4_multi3,steel-plates-fault,40982.0,4.0,1941.0,27.0,7.0,0.7190721649484536,168.51031470298767
dim4_multi3,texture,40499.0,0.0,5500.0,40.0,11.0,0.9954545454545456,319.30961632728577
dim4_multi3,texture,40499.0,1.0,5500.0,40.0,11.0,0.9945454545454544,262.8734209537506
dim4_multi3,texture,40499.0,2.0,5500.0,40.0,11.0,0.9927272727272728,248.28857827186584
dim4_multi3,texture,40499.0,3.0,5500.0,40.0,11.0,0.9972727272727272,249.0388343334198
dim4_multi3,texture,40499.0,4.0,5500.0,40.0,11.0,0.9972727272727272,258.3040363788605
dim4_multi3,tic-tac-toe,50.0,0.0,958.0,9.0,2.0,0.9947916666666666,110.21398067474364
dim4_multi3,tic-tac-toe,50.0,1.0,958.0,9.0,2.0,0.9895833333333334,102.69584226608276
dim4_multi3,tic-tac-toe,50.0,2.0,958.0,9.0,2.0,0.9791666666666666,103.129816532135
dim4_multi3,tic-tac-toe,50.0,3.0,958.0,9.0,2.0,0.9790575916230366,99.58176326751708
dim4_multi3,tic-tac-toe,50.0,4.0,958.0,9.0,2.0,0.9685863874345548,95.65251445770264
dim4_multi3,vehicle,54.0,0.0,846.0,18.0,4.0,0.8647058823529412,92.9508445262909
dim4_multi3,vehicle,54.0,1.0,846.0,18.0,4.0,0.8224852071005917,87.71387219429016
dim4_multi3,vehicle,54.0,2.0,846.0,18.0,4.0,0.8106508875739645,84.31123208999634
dim4_multi3,vehicle,54.0,3.0,846.0,18.0,4.0,0.8402366863905325,96.07575798034668
dim4_multi3,vehicle,54.0,4.0,846.0,18.0,4.0,0.8106508875739645,88.61992073059082
dim4_multi3,vowel,307.0,0.0,990.0,12.0,11.0,0.9696969696969696,117.8300006389618
dim4_multi3,vowel,307.0,1.0,990.0,12.0,11.0,0.9595959595959596,112.45142698287964
dim4_multi3,vowel,307.0,2.0,990.0,12.0,11.0,0.9747474747474748,115.85170602798462
dim4_multi3,vowel,307.0,3.0,990.0,12.0,11.0,0.9343434343434344,107.77104783058168
dim4_multi3,vowel,307.0,4.0,990.0,12.0,11.0,0.9191919191919192,109.58084559440611
dim4_multi3,wall-robot-navigation,1497.0,0.0,5456.0,24.0,4.0,0.9542124542124544,295.43676495552063
dim4_multi3,wall-robot-navigation,1497.0,1.0,5456.0,24.0,4.0,0.9752520623281392,327.4320147037506
dim4_multi3,wall-robot-navigation,1497.0,2.0,5456.0,24.0,4.0,0.9688359303391384,291.3550078868866
dim4_multi3,wall-robot-navigation,1497.0,3.0,5456.0,24.0,4.0,0.9725022914757104,296.9703712463379
dim4_multi3,wall-robot-navigation,1497.0,4.0,5456.0,24.0,4.0,0.9560036663611364,280.73766231536865
dim4_multi3,wdbc,1510.0,0.0,569.0,30.0,2.0,0.9736842105263158,48.62724924087525
dim4_multi3,wdbc,1510.0,1.0,569.0,30.0,2.0,0.9473684210526316,49.764025926589966
dim4_multi3,wdbc,1510.0,2.0,569.0,30.0,2.0,0.9298245614035088,48.52948594093323
dim4_multi3,wdbc,1510.0,3.0,569.0,30.0,2.0,0.9649122807017544,49.83855938911438
dim4_multi3,wdbc,1510.0,4.0,569.0,30.0,2.0,0.9646017699115044,50.56274890899658
dim4_multi3,wilt,40983.0,0.0,4839.0,5.0,2.0,0.9917355371900828,224.6197953224182
dim4_multi3,wilt,40983.0,1.0,4839.0,5.0,2.0,0.987603305785124,251.7250845432281
dim4_multi3,wilt,40983.0,2.0,4839.0,5.0,2.0,0.9896694214876032,245.45334339141849
dim4_multi3,wilt,40983.0,3.0,4839.0,5.0,2.0,0.984504132231405,239.92088651657104
dim4_multi3,wilt,40983.0,4.0,4839.0,5.0,2.0,0.9824198552223372,243.3966219425201
